-025.00 -023.00 -021.00 -019.00 -017.00 -015.00 -013.00 -011.00 -009.00 -007.00 -005.00 -003.00 -001.00 0001.00 0003.00 0005.00 0007.00 0009.00 0011.00 0013.00 0015.00 0017.00 0019.00 0021.00 0023.00 0025.00 0027.00 0029.00 0031.00 0033.00 0035.00 0037.00 0039.00 0041.00 0043.00 0045.00 0047.00 0049.00 0051.00 0053.00 0055.00 0057.00 0059.00 0061.00 0063.00 0065.00 0067.00 0069.00 0071.00 0073.00 0075.00 0077.00 0079.00 0081.00 0083.00 0085.00 0087.00 0089.00 0091.00 0093.00 0095.00 0097.00 0099.00 0101.00 0103.00 0105.00 0107.00 0109.00 0111.00 0113.00 0115.00 0117.00 0119.00 0121.00 0123.00 0125.00 0127.00 0129.00 0131.00 0133.00 
-024.00 -022.00 -020.00 -018.00 -016.00 -014.00 -012.00 -010.00 -008.00 -006.00 -004.00 -002.00 0000.00 0002.00 0004.00 0006.00 0008.00 0010.00 0012.00 0014.00 0016.00 0018.00 0020.00 0022.00 0024.00 0026.00 0028.00 0030.00 0032.00 0034.00 0036.00 0038.00 0040.00 0042.00 0044.00 0046.00 0048.00 0050.00 0052.00 0054.00 0056.00 0058.00 0060.00 0062.00 0064.00 0066.00 0068.00 0070.00 0072.00 0074.00 0076.00 0078.00 0080.00 0082.00 0084.00 0086.00 0088.00 0090.00 0092.00 0094.00 0096.00 0098.00 0100.00 0102.00 0104.00 0106.00 0108.00 0110.00 0112.00 0114.00 0116.00 0118.00 0120.00 0122.00 0124.00 0126.00 0128.00 0130.00 0132.00 0134.00 
-023.00 -021.00 -019.00 -017.00 -015.00 -013.00 -011.00 -009.00 -007.00 -005.00 -003.00 -001.00 0001.00 0003.00 0005.00 0007.00 0009.00 0011.00 0013.00 0015.00 0017.00 0019.00 0021.00 0023.00 0025.00 0027.00 0029.00 0031.00 0033.00 0035.00 0037.00 0039.00 0041.00 0043.00 0045.00 0047.00 0049.00 0051.00 0053.00 0055.00 0057.00 0059.00 0061.00 0063.00 0065.00 0067.00 0069.00 0071.00 0073.00 0075.00 0077.00 0079.00 0081.00 0083.00 0085.00 0087.00 0089.00 0091.00 0093.00 0095.00 0097.00 0099.00 0101.00 0103.00 0105.00 0107.00 0109.00 0111.00 0113.00 0115.00 0117.00 0119.00 0121.00 0123.00 0125.00 0127.00 0129.00 0131.00 0133.00 0135.00 
-022.00 -020.00 -018.00 -016.00 -014.00 -012.00 -010.00 -008.00 -006.00 -004.00 -002.00 0000.00 0002.00 0004.00 0006.00 0008.00 0010.00 0012.00 0014.00 0016.00 0018.00 0020.00 0022.00 0024.00 0026.00 0028.00 0030.00 0032.00 0034.00 0036.00 0038.00 0040.00 0042.00 0044.00 0046.00 0048.00 0050.00 0052.00 0054.00 0056.00 0058.00 0060.00 0062.00 0064.00 0066.00 0068.00 0070.00 0072.00 0074.00 0076.00 0078.00 0080.00 0082.00 0084.00 0086.00 0088.00 0090.00 0092.00 0094.00 0096.00 0098.00 0100.00 0102.00 0104.00 0106.00 0108.00 0110.00 0112.00 0114.00 0116.00 0118.00 0120.00 0122.00 0124.00 0126.00 0128.00 0130.00 0132.00 0134.00 0136.00 
-021.00 -019.00 -017.00 -015.00 -013.00 -011.00 -009.00 -007.00 -005.00 -003.00 -001.00 0001.00 0003.00 0005.00 0007.00 0009.00 0011.00 0013.00 0015.00 0017.00 0019.00 0021.00 0023.00 0025.00 0027.00 0029.00 0031.00 0033.00 0035.00 0037.00 0039.00 0041.00 0043.00 0045.00 0047.00 0049.00 0051.00 0053.00 0055.00 0057.00 0059.00 0061.00 0063.00 0065.00 0067.00 0069.00 0071.00 0073.00 0075.00 0077.00 0079.00 0081.00 0083.00 0085.00 0087.00 0089.00 0091.00 0093.00 0095.00 0097.00 0099.00 0101.00 0103.00 0105.00 0107.00 0109.00 0111.00 0113.00 0115.00 0117.00 0119.00 0121.00 0123.00 0125.00 0127.00 0129.00 0131.00 0133.00 0135.00 0137.00 
-020.00 -018.00 -016.00 -014.00 -012.00 -010.00 -008.00 -006.00 -004.00 -002.00 0000.00 0002.00 0004.00 0006.00 0008.00 0010.00 0012.00 0014.00 0016.00 0018.00 0020.00 0022.00 0024.00 0026.00 0028.00 0030.00 0032.00 0034.00 0036.00 0038.00 0040.00 0042.00 0044.00 0046.00 0048.00 0050.00 0052.00 0054.00 0056.00 0058.00 0060.00 0062.00 0064.00 0066.00 0068.00 0070.00 0072.00 0074.00 0076.00 0078.00 0080.00 0082.00 0084.00 0086.00 0088.00 0090.00 0092.00 0094.00 0096.00 0098.00 0100.00 0102.00 0104.00 0106.00 0108.00 0110.00 0112.00 0114.00 0116.00 0118.00 0120.00 0122.00 0124.00 0126.00 0128.00 0130.00 0132.00 0134.00 0136.00 0138.00 
-019.00 -017.00 -015.00 -013.00 -011.00 -009.00 -007.00 -005.00 -003.00 -001.00 0001.00 0003.00 0005.00 0007.00 0009.00 0011.00 0013.00 0015.00 0017.00 0019.00 0021.00 0023.00 0025.00 0027.00 0029.00 0031.00 0033.00 0035.00 0037.00 0039.00 0041.00 0043.00 0045.00 0047.00 0049.00 0051.00 0053.00 0055.00 0057.00 0059.00 0061.00 0063.00 0065.00 0067.00 0069.00 0071.00 0073.00 0075.00 0077.00 0079.00 0081.00 0083.00 0085.00 0087.00 0089.00 0091.00 0093.00 0095.00 0097.00 0099.00 0101.00 0103.00 0105.00 0107.00 0109.00 0111.00 0113.00 0115.00 0117.00 0119.00 0121.00 0123.00 0125.00 0127.00 0129.00 0131.00 0133.00 0135.00 0137.00 0139.00 
-018.00 -016.00 -014.00 -012.00 -010.00 -008.00 -006.00 -004.00 -002.00 0000.00 0002.00 0004.00 0006.00 0008.00 0010.00 0012.00 0014.00 0016.00 0018.00 0020.00 0022.00 0024.00 0026.00 0028.00 0030.00 0032.00 0034.00 0036.00 0038.00 0040.00 0042.00 0044.00 0046.00 0048.00 0050.00 0052.00 0054.00 0056.00 0058.00 0060.00 0062.00 0064.00 0066.00 0068.00 0070.00 0072.00 0074.00 0076.00 0078.00 0080.00 0082.00 0084.00 0086.00 0088.00 0090.00 0092.00 0094.00 0096.00 0098.00 0100.00 0102.00 0104.00 0106.00 0108.00 0110.00 0112.00 0114.00 0116.00 0118.00 0120.00 0122.00 0124.00 0126.00 0128.00 0130.00 0132.00 0134.00 0136.00 0138.00 0140.00 
-017.00 -015.00 -013.00 -011.00 -009.00 -007.00 -005.00 -003.00 -001.00 0001.00 0003.00 0005.00 0007.00 0009.00 0011.00 0013.00 0015.00 0017.00 0019.00 0021.00 0023.00 0025.00 0027.00 0029.00 0031.00 0033.00 0035.00 0037.00 0039.00 0041.00 0043.00 0045.00 0047.00 0049.00 0051.00 0053.00 0055.00 0057.00 0059.00 0061.00 0063.00 0065.00 0067.00 0069.00 0071.00 0073.00 0075.00 0077.00 0079.00 0081.00 0083.00 0085.00 0087.00 0089.00 0091.00 0093.00 0095.00 0097.00 0099.00 0101.00 0103.00 0105.00 0107.00 0109.00 0111.00 0113.00 0115.00 0117.00 0119.00 0121.00 0123.00 0125.00 0127.00 0129.00 0131.00 0133.00 0135.00 0137.00 0139.00 0141.00 
-016.00 -014.00 -012.00 -010.00 -008.00 -006.00 -004.00 -002.00 0000.00 0002.00 0004.00 0006.00 0008.00 0010.00 0012.00 0014.00 0016.00 0018.00 0020.00 0022.00 0024.00 0026.00 0028.00 0030.00 0032.00 0034.00 0036.00 0038.00 0040.00 0042.00 0044.00 0046.00 0048.00 0050.00 0052.00 0054.00 0056.00 0058.00 0060.00 0062.00 0064.00 0066.00 0068.00 0070.00 0072.00 0074.00 0076.00 0078.00 0080.00 0082.00 0084.00 0086.00 0088.00 0090.00 0092.00 0094.00 0096.00 0098.00 0100.00 0102.00 0104.00 0106.00 0108.00 0110.00 0112.00 0114.00 0116.00 0118.00 0120.00 0122.00 0124.00 0126.00 0128.00 0130.00 0132.00 0134.00 0136.00 0138.00 0140.00 0142.00 
-015.00 -013.00 -011.00 -009.00 -007.00 -005.00 -003.00 -001.00 0001.00 0003.00 0005.00 0007.00 0009.00 0011.00 0013.00 0015.00 0017.00 0019.00 0021.00 0023.00 0025.00 0027.00 0029.00 0031.00 0033.00 0035.00 0037.00 0039.00 0041.00 0043.00 0045.00 0047.00 0049.00 0051.00 0053.00 0055.00 0057.00 0059.00 0061.00 0063.00 0065.00 0067.00 0069.00 0071.00 0073.00 0075.00 0077.00 0079.00 0081.00 0083.00 0085.00 0087.00 0089.00 0091.00 0093.00 0095.00 0097.00 0099.00 0101.00 0103.00 0105.00 0107.00 0109.00 0111.00 0113.00 0115.00 0117.00 0119.00 0121.00 0123.00 0125.00 0127.00 0129.00 0131.00 0133.00 0135.00 0137.00 0139.00 0141.00 0143.00 
-014.00 -012.00 -010.00 -008.00 -006.00 -004.00 -002.00 0000.00 0002.00 0004.00 0006.00 0008.00 0010.00 0012.00 0014.00 0016.00 0018.00 0020.00 0022.00 0024.00 0026.00 0028.00 0030.00 0032.00 0034.00 0036.00 0038.00 0040.00 0042.00 0044.00 0046.00 0048.00 0050.00 0052.00 0054.00 0056.00 0058.00 0060.00 0062.00 0064.00 0066.00 0068.00 0070.00 0072.00 0074.00 0076.00 0078.00 0080.00 0082.00 0084.00 0086.00 0088.00 0090.00 0092.00 0094.00 0096.00 0098.00 0100.00 0102.00 0104.00 0106.00 0108.00 0110.00 0112.00 0114.00 0116.00 0118.00 0120.00 0122.00 0124.00 0126.00 0128.00 0130.00 0132.00 0134.00 0136.00 0138.00 0140.00 0142.00 0144.00 
-013.00 -011.00 -009.00 -007.00 -005.00 -003.00 -001.00 0001.00 0003.00 0005.00 0007.00 0009.00 0011.00 0013.00 0015.00 0017.00 0019.00 0021.00 0023.00 0025.00 0027.00 0029.00 0031.00 0033.00 0035.00 0037.00 0039.00 0041.00 0043.00 0045.00 0047.00 0049.00 0051.00 0053.00 0055.00 0057.00 0059.00 0061.00 0063.00 0065.00 0067.00 0069.00 0071.00 0073.00 0075.00 0077.00 0079.00 0081.00 0083.00 0085.00 0087.00 0089.00 0091.00 0093.00 0095.00 0097.00 0099.00 0101.00 0103.00 0105.00 0107.00 0109.00 0111.00 0113.00 0115.00 0117.00 0119.00 0121.00 0123.00 0125.00 0127.00 0129.00 0131.00 0133.00 0135.00 0137.00 0139.00 0141.00 0143.00 0145.00 
-012.00 -010.00 -008.00 -006.00 -004.00 -002.00 0000.00 0002.00 0004.00 0006.00 0008.00 0010.00 0012.00 0014.00 0016.00 0018.00 0020.00 0022.00 0024.00 0026.00 0028.00 0030.00 0032.00 0034.00 0036.00 0038.00 0040.00 0042.00 0044.00 0046.00 0048.00 0050.00 0052.00 0054.00 0056.00 0058.00 0060.00 0062.00 0064.00 0066.00 0068.00 0070.00 0072.00 0074.00 0076.00 0078.00 0080.00 0082.00 0084.00 0086.00 0088.00 0090.00 0092.00 0094.00 0096.00 0098.00 0100.00 0102.00 0104.00 0106.00 0108.00 0110.00 0112.00 0114.00 0116.00 0118.00 0120.00 0122.00 0124.00 0126.00 0128.00 0130.00 0132.00 0134.00 0136.00 0138.00 0140.00 0142.00 0144.00 0146.00 
-011.00 -009.00 -007.00 -005.00 -003.00 -001.00 0001.00 0003.00 0005.00 0007.00 0009.00 0011.00 0013.00 0015.00 0017.00 0019.00 0021.00 0023.00 0025.00 0027.00 0029.00 0031.00 0033.00 0035.00 0037.00 0039.00 0041.00 0043.00 0045.00 0047.00 0049.00 0051.00 0053.00 0055.00 0057.00 0059.00 0061.00 0063.00 0065.00 0067.00 0069.00 0071.00 0073.00 0075.00 0077.00 0079.00 0081.00 0083.00 0085.00 0087.00 0089.00 0091.00 0093.00 0095.00 0097.00 0099.00 0101.00 0103.00 0105.00 0107.00 0109.00 0111.00 0113.00 0115.00 0117.00 0119.00 0121.00 0123.00 0125.00 0127.00 0129.00 0131.00 0133.00 0135.00 0137.00 0139.00 0141.00 0143.00 0145.00 0147.00 
-010.00 -008.00 -006.00 -004.00 -002.00 0000.00 0002.00 0004.00 0006.00 0008.00 0010.00 0012.00 0014.00 0016.00 0018.00 0020.00 0022.00 0024.00 0026.00 0028.00 0030.00 0032.00 0034.00 0036.00 0038.00 0040.00 0042.00 0044.00 0046.00 0048.00 0050.00 0052.00 0054.00 0056.00 0058.00 0060.00 0062.00 0064.00 0066.00 0068.00 0070.00 0072.00 0074.00 0076.00 0078.00 0080.00 0082.00 0084.00 0086.00 0088.00 0090.00 0092.00 0094.00 0096.00 0098.00 0100.00 0102.00 0104.00 0106.00 0108.00 0110.00 0112.00 0114.00 0116.00 0118.00 0120.00 0122.00 0124.00 0126.00 0128.00 0130.00 0132.00 0134.00 0136.00 0138.00 0140.00 0142.00 0144.00 0146.00 0148.00 
-009.00 -007.00 -005.00 -003.00 -001.00 0001.00 0003.00 0005.00 0007.00 0009.00 0011.00 0013.00 0015.00 0017.00 0019.00 0021.00 0023.00 0025.00 0027.00 0029.00 0031.00 0033.00 0035.00 0037.00 0039.00 0041.00 0043.00 0045.00 0047.00 0049.00 0051.00 0053.00 0055.00 0057.00 0059.00 0061.00 0063.00 0065.00 0067.00 0069.00 0071.00 0073.00 0075.00 0077.00 0079.00 0081.00 0083.00 0085.00 0087.00 0089.00 0091.00 0093.00 0095.00 0097.00 0099.00 0101.00 0103.00 0105.00 0107.00 0109.00 0111.00 0113.00 0115.00 0117.00 0119.00 0121.00 0123.00 0125.00 0127.00 0129.00 0131.00 0133.00 0135.00 0137.00 0139.00 0141.00 0143.00 0145.00 0147.00 0149.00 
-008.00 -006.00 -004.00 -002.00 0000.00 0002.00 0004.00 0006.00 0008.00 0010.00 0012.00 0014.00 0016.00 0018.00 0020.00 0022.00 0024.00 0026.00 0028.00 0030.00 0032.00 0034.00 0036.00 0038.00 0040.00 0042.00 0044.00 0046.00 0048.00 0050.00 0052.00 0054.00 0056.00 0058.00 0060.00 0062.00 0064.00 0066.00 0068.00 0070.00 0072.00 0074.00 0076.00 0078.00 0080.00 0082.00 0084.00 0086.00 0088.00 0090.00 0092.00 0094.00 0096.00 0098.00 0100.00 0102.00 0104.00 0106.00 0108.00 0110.00 0112.00 0114.00 0116.00 0118.00 0120.00 0122.00 0124.00 0126.00 0128.00 0130.00 0132.00 0134.00 0136.00 0138.00 0140.00 0142.00 0144.00 0146.00 0148.00 0150.00 
-007.00 -005.00 -003.00 -001.00 0001.00 0003.00 0005.00 0007.00 0009.00 0011.00 0013.00 0015.00 0017.00 0019.00 0021.00 0023.00 0025.00 0027.00 0029.00 0031.00 0033.00 0035.00 0037.00 0039.00 0041.00 0043.00 0045.00 0047.00 0049.00 0051.00 0053.00 0055.00 0057.00 0059.00 0061.00 0063.00 0065.00 0067.00 0069.00 0071.00 0073.00 0075.00 0077.00 0079.00 0081.00 0083.00 0085.00 0087.00 0089.00 0091.00 0093.00 0095.00 0097.00 0099.00 0101.00 0103.00 0105.00 0107.00 0109.00 0111.00 0113.00 0115.00 0117.00 0119.00 0121.00 0123.00 0125.00 0127.00 0129.00 0131.00 0133.00 0135.00 0137.00 0139.00 0141.00 0143.00 0145.00 0147.00 0149.00 0151.00 
-006.00 -004.00 -002.00 0000.00 0002.00 0004.00 0006.00 0008.00 0010.00 0012.00 0014.00 0016.00 0018.00 0020.00 0022.00 0024.00 0026.00 0028.00 0030.00 0032.00 0034.00 0036.00 0038.00 0040.00 0042.00 0044.00 0046.00 0048.00 0050.00 0052.00 0054.00 0056.00 0058.00 0060.00 0062.00 0064.00 0066.00 0068.00 0070.00 0072.00 0074.00 0076.00 0078.00 0080.00 0082.00 0084.00 0086.00 0088.00 0090.00 0092.00 0094.00 0096.00 0098.00 0100.00 0102.00 0104.00 0106.00 0108.00 0110.00 0112.00 0114.00 0116.00 0118.00 0120.00 0122.00 0124.00 0126.00 0128.00 0130.00 0132.00 0134.00 0136.00 0138.00 0140.00 0142.00 0144.00 0146.00 0148.00 0150.00 0152.00 
-005.00 -003.00 -001.00 0001.00 0003.00 0005.00 0007.00 0009.00 0011.00 0013.00 0015.00 0017.00 0019.00 0021.00 0023.00 0025.00 0027.00 0029.00 0031.00 0033.00 0035.00 0037.00 0039.00 0041.00 0043.00 0045.00 0047.00 0049.00 0051.00 0053.00 0055.00 0057.00 0059.00 0061.00 0063.00 0065.00 0067.00 0069.00 0071.00 0073.00 0075.00 0077.00 0079.00 0081.00 0083.00 0085.00 0087.00 0089.00 0091.00 0093.00 0095.00 0097.00 0099.00 0101.00 0103.00 0105.00 0107.00 0109.00 0111.00 0113.00 0115.00 0117.00 0119.00 0121.00 0123.00 0125.00 0127.00 0129.00 0131.00 0133.00 0135.00 0137.00 0139.00 0141.00 0143.00 0145.00 0147.00 0149.00 0151.00 0153.00 
-004.00 -002.00 0000.00 0002.00 0004.00 0006.00 0008.00 0010.00 0012.00 0014.00 0016.00 0018.00 0020.00 0022.00 0024.00 0026.00 0028.00 0030.00 0032.00 0034.00 0036.00 0038.00 0040.00 0042.00 0044.00 0046.00 0048.00 0050.00 0052.00 0054.00 0056.00 0058.00 0060.00 0062.00 0064.00 0066.00 0068.00 0070.00 0072.00 0074.00 0076.00 0078.00 0080.00 0082.00 0084.00 0086.00 0088.00 0090.00 0092.00 0094.00 0096.00 0098.00 0100.00 0102.00 0104.00 0106.00 0108.00 0110.00 0112.00 0114.00 0116.00 0118.00 0120.00 0122.00 0124.00 0126.00 0128.00 0130.00 0132.00 0134.00 0136.00 0138.00 0140.00 0142.00 0144.00 0146.00 0148.00 0150.00 0152.00 0154.00 
-003.00 -001.00 0001.00 0003.00 0005.00 0007.00 0009.00 0011.00 0013.00 0015.00 0017.00 0019.00 0021.00 0023.00 0025.00 0027.00 0029.00 0031.00 0033.00 0035.00 0037.00 0039.00 0041.00 0043.00 0045.00 0047.00 0049.00 0051.00 0053.00 0055.00 0057.00 0059.00 0061.00 0063.00 0065.00 0067.00 0069.00 0071.00 0073.00 0075.00 0077.00 0079.00 0081.00 0083.00 0085.00 0087.00 0089.00 0091.00 0093.00 0095.00 0097.00 0099.00 0101.00 0103.00 0105.00 0107.00 0109.00 0111.00 0113.00 0115.00 0117.00 0119.00 0121.00 0123.00 0125.00 0127.00 0129.00 0131.00 0133.00 0135.00 0137.00 0139.00 0141.00 0143.00 0145.00 0147.00 0149.00 0151.00 0153.00 0155.00 
-002.00 0000.00 0002.00 0004.00 0006.00 0008.00 0010.00 0012.00 0014.00 0016.00 0018.00 0020.00 0022.00 0024.00 0026.00 0028.00 0030.00 0032.00 0034.00 0036.00 0038.00 0040.00 0042.00 0044.00 0046.00 0048.00 0050.00 0052.00 0054.00 0056.00 0058.00 0060.00 0062.00 0064.00 0066.00 0068.00 0070.00 0072.00 0074.00 0076.00 0078.00 0080.00 0082.00 0084.00 0086.00 0088.00 0090.00 0092.00 0094.00 0096.00 0098.00 0100.00 0102.00 0104.00 0106.00 0108.00 0110.00 0112.00 0114.00 0116.00 0118.00 0120.00 0122.00 0124.00 0126.00 0128.00 0130.00 0132.00 0134.00 0136.00 0138.00 0140.00 0142.00 0144.00 0146.00 0148.00 0150.00 0152.00 0154.00 0156.00 
-001.00 0001.00 0003.00 0005.00 0007.00 0009.00 0011.00 0013.00 0015.00 0017.00 0019.00 0021.00 0023.00 0025.00 0027.00 0029.00 0031.00 0033.00 0035.00 0037.00 0039.00 0041.00 0043.00 0045.00 0047.00 0049.00 0051.00 0053.00 0055.00 0057.00 0059.00 0061.00 0063.00 0065.00 0067.00 0069.00 0071.00 0073.00 0075.00 0077.00 0079.00 0081.00 0083.00 0085.00 0087.00 0089.00 0091.00 0093.00 0095.00 0097.00 0099.00 0101.00 0103.00 0105.00 0107.00 0109.00 0111.00 0113.00 0115.00 0117.00 0119.00 0121.00 0123.00 0125.00 0127.00 0129.00 0131.00 0133.00 0135.00 0137.00 0139.00 0141.00 0143.00 0145.00 0147.00 0149.00 0151.00 0153.00 0155.00 0157.00 
0000.00 0002.00 0004.00 0006.00 0008.00 0010.00 0012.00 0014.00 0016.00 0018.00 0020.00 0022.00 0024.00 0026.00 0028.00 0030.00 0032.00 0034.00 0036.00 0038.00 0040.00 0042.00 0044.00 0046.00 0048.00 0050.00 0052.00 0054.00 0056.00 0058.00 0060.00 0062.00 0064.00 0066.00 0068.00 0070.00 0072.00 0074.00 0076.00 0078.00 0080.00 0082.00 0084.00 0086.00 0088.00 0090.00 0092.00 0094.00 0096.00 0098.00 0100.00 0102.00 0104.00 0106.00 0108.00 0110.00 0112.00 0114.00 0116.00 0118.00 0120.00 0122.00 0124.00 0126.00 0128.00 0130.00 0132.00 0134.00 0136.00 0138.00 0140.00 0142.00 0144.00 0146.00 0148.00 0150.00 0152.00 0154.00 0156.00 0158.00 
0001.00 0003.00 0005.00 0007.00 0009.00 0011.00 0013.00 0015.00 0017.00 0019.00 0021.00 0023.00 0025.00 0027.00 0029.00 0031.00 0033.00 0035.00 0037.00 0039.00 0041.00 0043.00 0045.00 0047.00 0049.00 0051.00 0053.00 0055.00 0057.00 0059.00 0061.00 0063.00 0065.00 0067.00 0069.00 0071.00 0073.00 0075.00 0077.00 0079.00 0081.00 0083.00 0085.00 0087.00 0089.00 0091.00 0093.00 0095.00 0097.00 0099.00 0101.00 0103.00 0105.00 0107.00 0109.00 0111.00 0113.00 0115.00 0117.00 0119.00 0121.00 0123.00 0125.00 0127.00 0129.00 0131.00 0133.00 0135.00 0137.00 0139.00 0141.00 0143.00 0145.00 0147.00 0149.00 0151.00 0153.00 0155.00 0157.00 0159.00 
0002.00 0004.00 0006.00 0008.00 0010.00 0012.00 0014.00 0016.00 0018.00 0020.00 0022.00 0024.00 0026.00 0028.00 0030.00 0032.00 0034.00 0036.00 0038.00 0040.00 0042.00 0044.00 0046.00 0048.00 0050.00 0052.00 0054.00 0056.00 0058.00 0060.00 0062.00 0064.00 0066.00 0068.00 0070.00 0072.00 0074.00 0076.00 0078.00 0080.00 0082.00 0084.00 0086.00 0088.00 0090.00 0092.00 0094.00 0096.00 0098.00 0100.00 0102.00 0104.00 0106.00 0108.00 0110.00 0112.00 0114.00 0116.00 0118.00 0120.00 0122.00 0124.00 0126.00 0128.00 0130.00 0132.00 0134.00 0136.00 0138.00 0140.00 0142.00 0144.00 0146.00 0148.00 0150.00 0152.00 0154.00 0156.00 0158.00 0160.00 
0003.00 0005.00 0007.00 0009.00 0011.00 0013.00 0015.00 0017.00 0019.00 0021.00 0023.00 0025.00 0027.00 0029.00 0031.00 0033.00 0035.00 0037.00 0039.00 0041.00 0043.00 0045.00 0047.00 0049.00 0051.00 0053.00 0055.00 0057.00 0059.00 0061.00 0063.00 0065.00 0067.00 0069.00 0071.00 0073.00 0075.00 0077.00 0079.00 0081.00 0083.00 0085.00 0087.00 0089.00 0091.00 0093.00 0095.00 0097.00 0099.00 0101.00 0103.00 0105.00 0107.00 0109.00 0111.00 0113.00 0115.00 0117.00 0119.00 0121.00 0123.00 0125.00 0127.00 0129.00 0131.00 0133.00 0135.00 0137.00 0139.00 0141.00 0143.00 0145.00 0147.00 0149.00 0151.00 0153.00 0155.00 0157.00 0159.00 0161.00 
0004.00 0006.00 0008.00 0010.00 0012.00 0014.00 0016.00 0018.00 0020.00 0022.00 0024.00 0026.00 0028.00 0030.00 0032.00 0034.00 0036.00 0038.00 0040.00 0042.00 0044.00 0046.00 0048.00 0050.00 0052.00 0054.00 0056.00 0058.00 0060.00 0062.00 0064.00 0066.00 0068.00 0070.00 0072.00 0074.00 0076.00 0078.00 0080.00 0082.00 0084.00 0086.00 0088.00 0090.00 0092.00 0094.00 0096.00 0098.00 0100.00 0102.00 0104.00 0106.00 0108.00 0110.00 0112.00 0114.00 0116.00 0118.00 0120.00 0122.00 0124.00 0126.00 0128.00 0130.00 0132.00 0134.00 0136.00 0138.00 0140.00 0142.00 0144.00 0146.00 0148.00 0150.00 0152.00 0154.00 0156.00 0158.00 0160.00 0162.00 
0005.00 0007.00 0009.00 0011.00 0013.00 0015.00 0017.00 0019.00 0021.00 0023.00 0025.00 0027.00 0029.00 0031.00 0033.00 0035.00 0037.00 0039.00 0041.00 0043.00 0045.00 0047.00 0049.00 0051.00 0053.00 0055.00 0057.00 0059.00 0061.00 0063.00 0065.00 0067.00 0069.00 0071.00 0073.00 0075.00 0077.00 0079.00 0081.00 0083.00 0085.00 0087.00 0089.00 0091.00 0093.00 0095.00 0097.00 0099.00 0101.00 0103.00 0105.00 0107.00 0109.00 0111.00 0113.00 0115.00 0117.00 0119.00 0121.00 0123.00 0125.00 0127.00 0129.00 0131.00 0133.00 0135.00 0137.00 0139.00 0141.00 0143.00 0145.00 0147.00 0149.00 0151.00 0153.00 0155.00 0157.00 0159.00 0161.00 0163.00 
0006.00 0008.00 0010.00 0012.00 0014.00 0016.00 0018.00 0020.00 0022.00 0024.00 0026.00 0028.00 0030.00 0032.00 0034.00 0036.00 0038.00 0040.00 0042.00 0044.00 0046.00 0048.00 0050.00 0052.00 0054.00 0056.00 0058.00 0060.00 0062.00 0064.00 0066.00 0068.00 0070.00 0072.00 0074.00 0076.00 0078.00 0080.00 0082.00 0084.00 0086.00 0088.00 0090.00 0092.00 0094.00 0096.00 0098.00 0100.00 0102.00 0104.00 0106.00 0108.00 0110.00 0112.00 0114.00 0116.00 0118.00 0120.00 0122.00 0124.00 0126.00 0128.00 0130.00 0132.00 0134.00 0136.00 0138.00 0140.00 0142.00 0144.00 0146.00 0148.00 0150.00 0152.00 0154.00 0156.00 0158.00 0160.00 0162.00 0164.00 
0007.00 0009.00 0011.00 0013.00 0015.00 0017.00 0019.00 0021.00 0023.00 0025.00 0027.00 0029.00 0031.00 0033.00 0035.00 0037.00 0039.00 0041.00 0043.00 0045.00 0047.00 0049.00 0051.00 0053.00 0055.00 0057.00 0059.00 0061.00 0063.00 0065.00 0067.00 0069.00 0071.00 0073.00 0075.00 0077.00 0079.00 0081.00 0083.00 0085.00 0087.00 0089.00 0091.00 0093.00 0095.00 0097.00 0099.00 0101.00 0103.00 0105.00 0107.00 0109.00 0111.00 0113.00 0115.00 0117.00 0119.00 0121.00 0123.00 0125.00 0127.00 0129.00 0131.00 0133.00 0135.00 0137.00 0139.00 0141.00 0143.00 0145.00 0147.00 0149.00 0151.00 0153.00 0155.00 0157.00 0159.00 0161.00 0163.00 0165.00 
0008.00 0010.00 0012.00 0014.00 0016.00 0018.00 0020.00 0022.00 0024.00 0026.00 0028.00 0030.00 0032.00 0034.00 0036.00 0038.00 0040.00 0042.00 0044.00 0046.00 0048.00 0050.00 0052.00 0054.00 0056.00 0058.00 0060.00 0062.00 0064.00 0066.00 0068.00 0070.00 0072.00 0074.00 0076.00 0078.00 0080.00 0082.00 0084.00 0086.00 0088.00 0090.00 0092.00 0094.00 0096.00 0098.00 0100.00 0102.00 0104.00 0106.00 0108.00 0110.00 0112.00 0114.00 0116.00 0118.00 0120.00 0122.00 0124.00 0126.00 0128.00 0130.00 0132.00 0134.00 0136.00 0138.00 0140.00 0142.00 0144.00 0146.00 0148.00 0150.00 0152.00 0154.00 0156.00 0158.00 0160.00 0162.00 0164.00 0166.00 
0009.00 0011.00 0013.00 0015.00 0017.00 0019.00 0021.00 0023.00 0025.00 0027.00 0029.00 0031.00 0033.00 0035.00 0037.00 0039.00 0041.00 0043.00 0045.00 0047.00 0049.00 0051.00 0053.00 0055.00 0057.00 0059.00 0061.00 0063.00 0065.00 0067.00 0069.00 0071.00 0073.00 0075.00 0077.00 0079.00 0081.00 0083.00 0085.00 0087.00 0089.00 0091.00 0093.00 0095.00 0097.00 0099.00 0101.00 0103.00 0105.00 0107.00 0109.00 0111.00 0113.00 0115.00 0117.00 0119.00 0121.00 0123.00 0125.00 0127.00 0129.00 0131.00 0133.00 0135.00 0137.00 0139.00 0141.00 0143.00 0145.00 0147.00 0149.00 0151.00 0153.00 0155.00 0157.00 0159.00 0161.00 0163.00 0165.00 0167.00 
0010.00 0012.00 0014.00 0016.00 0018.00 0020.00 0022.00 0024.00 0026.00 0028.00 0030.00 0032.00 0034.00 0036.00 0038.00 0040.00 0042.00 0044.00 0046.00 0048.00 0050.00 0052.00 0054.00 0056.00 0058.00 0060.00 0062.00 0064.00 0066.00 0068.00 0070.00 0072.00 0074.00 0076.00 0078.00 0080.00 0082.00 0084.00 0086.00 0088.00 0090.00 0092.00 0094.00 0096.00 0098.00 0100.00 0102.00 0104.00 0106.00 0108.00 0110.00 0112.00 0114.00 0116.00 0118.00 0120.00 0122.00 0124.00 0126.00 0128.00 0130.00 0132.00 0134.00 0136.00 0138.00 0140.00 0142.00 0144.00 0146.00 0148.00 0150.00 0152.00 0154.00 0156.00 0158.00 0160.00 0162.00 0164.00 0166.00 0168.00 
0011.00 0013.00 0015.00 0017.00 0019.00 0021.00 0023.00 0025.00 0027.00 0029.00 0031.00 0033.00 0035.00 0037.00 0039.00 0041.00 0043.00 0045.00 0047.00 0049.00 0051.00 0053.00 0055.00 0057.00 0059.00 0061.00 0063.00 0065.00 0067.00 0069.00 0071.00 0073.00 0075.00 0077.00 0079.00 0081.00 0083.00 0085.00 0087.00 0089.00 0091.00 0093.00 0095.00 0097.00 0099.00 0101.00 0103.00 0105.00 0107.00 0109.00 0111.00 0113.00 0115.00 0117.00 0119.00 0121.00 0123.00 0125.00 0127.00 0129.00 0131.00 0133.00 0135.00 0137.00 0139.00 0141.00 0143.00 0145.00 0147.00 0149.00 0151.00 0153.00 0155.00 0157.00 0159.00 0161.00 0163.00 0165.00 0167.00 0169.00 
0012.00 0014.00 0016.00 0018.00 0020.00 0022.00 0024.00 0026.00 0028.00 0030.00 0032.00 0034.00 0036.00 0038.00 0040.00 0042.00 0044.00 0046.00 0048.00 0050.00 0052.00 0054.00 0056.00 0058.00 0060.00 0062.00 0064.00 0066.00 0068.00 0070.00 0072.00 0074.00 0076.00 0078.00 0080.00 0082.00 0084.00 0086.00 0088.00 0090.00 0092.00 0094.00 0096.00 0098.00 0100.00 0102.00 0104.00 0106.00 0108.00 0110.00 0112.00 0114.00 0116.00 0118.00 0120.00 0122.00 0124.00 0126.00 0128.00 0130.00 0132.00 0134.00 0136.00 0138.00 0140.00 0142.00 0144.00 0146.00 0148.00 0150.00 0152.00 0154.00 0156.00 0158.00 0160.00 0162.00 0164.00 0166.00 0168.00 0170.00 
0013.00 0015.00 0017.00 0019.00 0021.00 0023.00 0025.00 0027.00 0029.00 0031.00 0033.00 0035.00 0037.00 0039.00 0041.00 0043.00 0045.00 0047.00 0049.00 0051.00 0053.00 0055.00 0057.00 0059.00 0061.00 0063.00 0065.00 0067.00 0069.00 0071.00 0073.00 0075.00 0077.00 0079.00 0081.00 0083.00 0085.00 0087.00 0089.00 0091.00 0093.00 0095.00 0097.00 0099.00 0101.00 0103.00 0105.00 0107.00 0109.00 0111.00 0113.00 0115.00 0117.00 0119.00 0121.00 0123.00 0125.00 0127.00 0129.00 0131.00 0133.00 0135.00 0137.00 0139.00 0141.00 0143.00 0145.00 0147.00 0149.00 0151.00 0153.00 0155.00 0157.00 0159.00 0161.00 0163.00 0165.00 0167.00 0169.00 0171.00 
0014.00 0016.00 0018.00 0020.00 0022.00 0024.00 0026.00 0028.00 0030.00 0032.00 0034.00 0036.00 0038.00 0040.00 0042.00 0044.00 0046.00 0048.00 0050.00 0052.00 0054.00 0056.00 0058.00 0060.00 0062.00 0064.00 0066.00 0068.00 0070.00 0072.00 0074.00 0076.00 0078.00 0080.00 0082.00 0084.00 0086.00 0088.00 0090.00 0092.00 0094.00 0096.00 0098.00 0100.00 0102.00 0104.00 0106.00 0108.00 0110.00 0112.00 0114.00 0116.00 0118.00 0120.00 0122.00 0124.00 0126.00 0128.00 0130.00 0132.00 0134.00 0136.00 0138.00 0140.00 0142.00 0144.00 0146.00 0148.00 0150.00 0152.00 0154.00 0156.00 0158.00 0160.00 0162.00 0164.00 0166.00 0168.00 0170.00 0172.00 
0015.00 0017.00 0019.00 0021.00 0023.00 0025.00 0027.00 0029.00 0031.00 0033.00 0035.00 0037.00 0039.00 0041.00 0043.00 0045.00 0047.00 0049.00 0051.00 0053.00 0055.00 0057.00 0059.00 0061.00 0063.00 0065.00 0067.00 0069.00 0071.00 0073.00 0075.00 0077.00 0079.00 0081.00 0083.00 0085.00 0087.00 0089.00 0091.00 0093.00 0095.00 0097.00 0099.00 0101.00 0103.00 0105.00 0107.00 0109.00 0111.00 0113.00 0115.00 0117.00 0119.00 0121.00 0123.00 0125.00 0127.00 0129.00 0131.00 0133.00 0135.00 0137.00 0139.00 0141.00 0143.00 0145.00 0147.00 0149.00 0151.00 0153.00 0155.00 0157.00 0159.00 0161.00 0163.00 0165.00 0167.00 0169.00 0171.00 0173.00 
0016.00 0018.00 0020.00 0022.00 0024.00 0026.00 0028.00 0030.00 0032.00 0034.00 0036.00 0038.00 0040.00 0042.00 0044.00 0046.00 0048.00 0050.00 0052.00 0054.00 0056.00 0058.00 0060.00 0062.00 0064.00 0066.00 0068.00 0070.00 0072.00 0074.00 0076.00 0078.00 0080.00 0082.00 0084.00 0086.00 0088.00 0090.00 0092.00 0094.00 0096.00 0098.00 0100.00 0102.00 0104.00 0106.00 0108.00 0110.00 0112.00 0114.00 0116.00 0118.00 0120.00 0122.00 0124.00 0126.00 0128.00 0130.00 0132.00 0134.00 0136.00 0138.00 0140.00 0142.00 0144.00 0146.00 0148.00 0150.00 0152.00 0154.00 0156.00 0158.00 0160.00 0162.00 0164.00 0166.00 0168.00 0170.00 0172.00 0174.00 
0017.00 0019.00 0021.00 0023.00 0025.00 0027.00 0029.00 0031.00 0033.00 0035.00 0037.00 0039.00 0041.00 0043.00 0045.00 0047.00 0049.00 0051.00 0053.00 0055.00 0057.00 0059.00 0061.00 0063.00 0065.00 0067.00 0069.00 0071.00 0073.00 0075.00 0077.00 0079.00 0081.00 0083.00 0085.00 0087.00 0089.00 0091.00 0093.00 0095.00 0097.00 0099.00 0101.00 0103.00 0105.00 0107.00 0109.00 0111.00 0113.00 0115.00 0117.00 0119.00 0121.00 0123.00 0125.00 0127.00 0129.00 0131.00 0133.00 0135.00 0137.00 0139.00 0141.00 0143.00 0145.00 0147.00 0149.00 0151.00 0153.00 0155.00 0157.00 0159.00 0161.00 0163.00 0165.00 0167.00 0169.00 0171.00 0173.00 0175.00 
0018.00 0020.00 0022.00 0024.00 0026.00 0028.00 0030.00 0032.00 0034.00 0036.00 0038.00 0040.00 0042.00 0044.00 0046.00 0048.00 0050.00 0052.00 0054.00 0056.00 0058.00 0060.00 0062.00 0064.00 0066.00 0068.00 0070.00 0072.00 0074.00 0076.00 0078.00 0080.00 0082.00 0084.00 0086.00 0088.00 0090.00 0092.00 0094.00 0096.00 0098.00 0100.00 0102.00 0104.00 0106.00 0108.00 0110.00 0112.00 0114.00 0116.00 0118.00 0120.00 0122.00 0124.00 0126.00 0128.00 0130.00 0132.00 0134.00 0136.00 0138.00 0140.00 0142.00 0144.00 0146.00 0148.00 0150.00 0152.00 0154.00 0156.00 0158.00 0160.00 0162.00 0164.00 0166.00 0168.00 0170.00 0172.00 0174.00 0176.00 
0019.00 0021.00 0023.00 0025.00 0027.00 0029.00 0031.00 0033.00 0035.00 0037.00 0039.00 0041.00 0043.00 0045.00 0047.00 0049.00 0051.00 0053.00 0055.00 0057.00 0059.00 0061.00 0063.00 0065.00 0067.00 0069.00 0071.00 0073.00 0075.00 0077.00 0079.00 0081.00 0083.00 0085.00 0087.00 0089.00 0091.00 0093.00 0095.00 0097.00 0099.00 0101.00 0103.00 0105.00 0107.00 0109.00 0111.00 0113.00 0115.00 0117.00 0119.00 0121.00 0123.00 0125.00 0127.00 0129.00 0131.00 0133.00 0135.00 0137.00 0139.00 0141.00 0143.00 0145.00 0147.00 0149.00 0151.00 0153.00 0155.00 0157.00 0159.00 0161.00 0163.00 0165.00 0167.00 0169.00 0171.00 0173.00 0175.00 0177.00 
0020.00 0022.00 0024.00 0026.00 0028.00 0030.00 0032.00 0034.00 0036.00 0038.00 0040.00 0042.00 0044.00 0046.00 0048.00 0050.00 0052.00 0054.00 0056.00 0058.00 0060.00 0062.00 0064.00 0066.00 0068.00 0070.00 0072.00 0074.00 0076.00 0078.00 0080.00 0082.00 0084.00 0086.00 0088.00 0090.00 0092.00 0094.00 0096.00 0098.00 0100.00 0102.00 0104.00 0106.00 0108.00 0110.00 0112.00 0114.00 0116.00 0118.00 0120.00 0122.00 0124.00 0126.00 0128.00 0130.00 0132.00 0134.00 0136.00 0138.00 0140.00 0142.00 0144.00 0146.00 0148.00 0150.00 0152.00 0154.00 0156.00 0158.00 0160.00 0162.00 0164.00 0166.00 0168.00 0170.00 0172.00 0174.00 0176.00 0178.00 
0021.00 0023.00 0025.00 0027.00 0029.00 0031.00 0033.00 0035.00 0037.00 0039.00 0041.00 0043.00 0045.00 0047.00 0049.00 0051.00 0053.00 0055.00 0057.00 0059.00 0061.00 0063.00 0065.00 0067.00 0069.00 0071.00 0073.00 0075.00 0077.00 0079.00 0081.00 0083.00 0085.00 0087.00 0089.00 0091.00 0093.00 0095.00 0097.00 0099.00 0101.00 0103.00 0105.00 0107.00 0109.00 0111.00 0113.00 0115.00 0117.00 0119.00 0121.00 0123.00 0125.00 0127.00 0129.00 0131.00 0133.00 0135.00 0137.00 0139.00 0141.00 0143.00 0145.00 0147.00 0149.00 0151.00 0153.00 0155.00 0157.00 0159.00 0161.00 0163.00 0165.00 0167.00 0169.00 0171.00 0173.00 0175.00 0177.00 0179.00 
0022.00 0024.00 0026.00 0028.00 0030.00 0032.00 0034.00 0036.00 0038.00 0040.00 0042.00 0044.00 0046.00 0048.00 0050.00 0052.00 0054.00 0056.00 0058.00 0060.00 0062.00 0064.00 0066.00 0068.00 0070.00 0072.00 0074.00 0076.00 0078.00 0080.00 0082.00 0084.00 0086.00 0088.00 0090.00 0092.00 0094.00 0096.00 0098.00 0100.00 0102.00 0104.00 0106.00 0108.00 0110.00 0112.00 0114.00 0116.00 0118.00 0120.00 0122.00 0124.00 0126.00 0128.00 0130.00 0132.00 0134.00 0136.00 0138.00 0140.00 0142.00 0144.00 0146.00 0148.00 0150.00 0152.00 0154.00 0156.00 0158.00 0160.00 0162.00 0164.00 0166.00 0168.00 0170.00 0172.00 0174.00 0176.00 0178.00 0180.00 
0023.00 0025.00 0027.00 0029.00 0031.00 0033.00 0035.00 0037.00 0039.00 0041.00 0043.00 0045.00 0047.00 0049.00 0051.00 0053.00 0055.00 0057.00 0059.00 0061.00 0063.00 0065.00 0067.00 0069.00 0071.00 0073.00 0075.00 0077.00 0079.00 0081.00 0083.00 0085.00 0087.00 0089.00 0091.00 0093.00 0095.00 0097.00 0099.00 0101.00 0103.00 0105.00 0107.00 0109.00 0111.00 0113.00 0115.00 0117.00 0119.00 0121.00 0123.00 0125.00 0127.00 0129.00 0131.00 0133.00 0135.00 0137.00 0139.00 0141.00 0143.00 0145.00 0147.00 0149.00 0151.00 0153.00 0155.00 0157.00 0159.00 0161.00 0163.00 0165.00 0167.00 0169.00 0171.00 0173.00 0175.00 0177.00 0179.00 0181.00 
0024.00 0026.00 0028.00 0030.00 0032.00 0034.00 0036.00 0038.00 0040.00 0042.00 0044.00 0046.00 0048.00 0050.00 0052.00 0054.00 0056.00 0058.00 0060.00 0062.00 0064.00 0066.00 0068.00 0070.00 0072.00 0074.00 0076.00 0078.00 0080.00 0082.00 0084.00 0086.00 0088.00 0090.00 0092.00 0094.00 0096.00 0098.00 0100.00 0102.00 0104.00 0106.00 0108.00 0110.00 0112.00 0114.00 0116.00 0118.00 0120.00 0122.00 0124.00 0126.00 0128.00 0130.00 0132.00 0134.00 0136.00 0138.00 0140.00 0142.00 0144.00 0146.00 0148.00 0150.00 0152.00 0154.00 0156.00 0158.00 0160.00 0162.00 0164.00 0166.00 0168.00 0170.00 0172.00 0174.00 0176.00 0178.00 0180.00 0182.00 
0025.00 0027.00 0029.00 0031.00 0033.00 0035.00 0037.00 0039.00 0041.00 0043.00 0045.00 0047.00 0049.00 0051.00 0053.00 0055.00 0057.00 0059.00 0061.00 0063.00 0065.00 0067.00 0069.00 0071.00 0073.00 0075.00 0077.00 0079.00 0081.00 0083.00 0085.00 0087.00 0089.00 0091.00 0093.00 0095.00 0097.00 0099.00 0101.00 0103.00 0105.00 0107.00 0109.00 0111.00 0113.00 0115.00 0117.00 0119.00 0121.00 0123.00 0125.00 0127.00 0129.00 0131.00 0133.00 0135.00 0137.00 0139.00 0141.00 0143.00 0145.00 0147.00 0149.00 0151.00 0153.00 0155.00 0157.00 0159.00 0161.00 0163.00 0165.00 0167.00 0169.00 0171.00 0173.00 0175.00 0177.00 0179.00 0181.00 0183.00 
0026.00 0028.00 0030.00 0032.00 0034.00 0036.00 0038.00 0040.00 0042.00 0044.00 0046.00 0048.00 0050.00 0052.00 0054.00 0056.00 0058.00 0060.00 0062.00 0064.00 0066.00 0068.00 0070.00 0072.00 0074.00 0076.00 0078.00 0080.00 0082.00 0084.00 0086.00 0088.00 0090.00 0092.00 0094.00 0096.00 0098.00 0100.00 0102.00 0104.00 0106.00 0108.00 0110.00 0112.00 0114.00 0116.00 0118.00 0120.00 0122.00 0124.00 0126.00 0128.00 0130.00 0132.00 0134.00 0136.00 0138.00 0140.00 0142.00 0144.00 0146.00 0148.00 0150.00 0152.00 0154.00 0156.00 0158.00 0160.00 0162.00 0164.00 0166.00 0168.00 0170.00 0172.00 0174.00 0176.00 0178.00 0180.00 0182.00 0184.00 
0027.00 0029.00 0031.00 0033.00 0035.00 0037.00 0039.00 0041.00 0043.00 0045.00 0047.00 0049.00 0051.00 0053.00 0055.00 0057.00 0059.00 0061.00 0063.00 0065.00 0067.00 0069.00 0071.00 0073.00 0075.00 0077.00 0079.00 0081.00 0083.00 0085.00 0087.00 0089.00 0091.00 0093.00 0095.00 0097.00 0099.00 0101.00 0103.00 0105.00 0107.00 0109.00 0111.00 0113.00 0115.00 0117.00 0119.00 0121.00 0123.00 0125.00 0127.00 0129.00 0131.00 0133.00 0135.00 0137.00 0139.00 0141.00 0143.00 0145.00 0147.00 0149.00 0151.00 0153.00 0155.00 0157.00 0159.00 0161.00 0163.00 0165.00 0167.00 0169.00 0171.00 0173.00 0175.00 0177.00 0179.00 0181.00 0183.00 0185.00 
0028.00 0030.00 0032.00 0034.00 0036.00 0038.00 0040.00 0042.00 0044.00 0046.00 0048.00 0050.00 0052.00 0054.00 0056.00 0058.00 0060.00 0062.00 0064.00 0066.00 0068.00 0070.00 0072.00 0074.00 0076.00 0078.00 0080.00 0082.00 0084.00 0086.00 0088.00 0090.00 0092.00 0094.00 0096.00 0098.00 0100.00 0102.00 0104.00 0106.00 0108.00 0110.00 0112.00 0114.00 0116.00 0118.00 0120.00 0122.00 0124.00 0126.00 0128.00 0130.00 0132.00 0134.00 0136.00 0138.00 0140.00 0142.00 0144.00 0146.00 0148.00 0150.00 0152.00 0154.00 0156.00 0158.00 0160.00 0162.00 0164.00 0166.00 0168.00 0170.00 0172.00 0174.00 0176.00 0178.00 0180.00 0182.00 0184.00 0186.00 
0029.00 0031.00 0033.00 0035.00 0037.00 0039.00 0041.00 0043.00 0045.00 0047.00 0049.00 0051.00 0053.00 0055.00 0057.00 0059.00 0061.00 0063.00 0065.00 0067.00 0069.00 0071.00 0073.00 0075.00 0077.00 0079.00 0081.00 0083.00 0085.00 0087.00 0089.00 0091.00 0093.00 0095.00 0097.00 0099.00 0101.00 0103.00 0105.00 0107.00 0109.00 0111.00 0113.00 0115.00 0117.00 0119.00 0121.00 0123.00 0125.00 0127.00 0129.00 0131.00 0133.00 0135.00 0137.00 0139.00 0141.00 0143.00 0145.00 0147.00 0149.00 0151.00 0153.00 0155.00 0157.00 0159.00 0161.00 0163.00 0165.00 0167.00 0169.00 0171.00 0173.00 0175.00 0177.00 0179.00 0181.00 0183.00 0185.00 0187.00 
0030.00 0032.00 0034.00 0036.00 0038.00 0040.00 0042.00 0044.00 0046.00 0048.00 0050.00 0052.00 0054.00 0056.00 0058.00 0060.00 0062.00 0064.00 0066.00 0068.00 0070.00 0072.00 0074.00 0076.00 0078.00 0080.00 0082.00 0084.00 0086.00 0088.00 0090.00 0092.00 0094.00 0096.00 0098.00 0100.00 0102.00 0104.00 0106.00 0108.00 0110.00 0112.00 0114.00 0116.00 0118.00 0120.00 0122.00 0124.00 0126.00 0128.00 0130.00 0132.00 0134.00 0136.00 0138.00 0140.00 0142.00 0144.00 0146.00 0148.00 0150.00 0152.00 0154.00 0156.00 0158.00 0160.00 0162.00 0164.00 0166.00 0168.00 0170.00 0172.00 0174.00 0176.00 0178.00 0180.00 0182.00 0184.00 0186.00 0188.00 
0031.00 0033.00 0035.00 0037.00 0039.00 0041.00 0043.00 0045.00 0047.00 0049.00 0051.00 0053.00 0055.00 0057.00 0059.00 0061.00 0063.00 0065.00 0067.00 0069.00 0071.00 0073.00 0075.00 0077.00 0079.00 0081.00 0083.00 0085.00 0087.00 0089.00 0091.00 0093.00 0095.00 0097.00 0099.00 0101.00 0103.00 0105.00 0107.00 0109.00 0111.00 0113.00 0115.00 0117.00 0119.00 0121.00 0123.00 0125.00 0127.00 0129.00 0131.00 0133.00 0135.00 0137.00 0139.00 0141.00 0143.00 0145.00 0147.00 0149.00 0151.00 0153.00 0155.00 0157.00 0159.00 0161.00 0163.00 0165.00 0167.00 0169.00 0171.00 0173.00 0175.00 0177.00 0179.00 0181.00 0183.00 0185.00 0187.00 0189.00 
0032.00 0034.00 0036.00 0038.00 0040.00 0042.00 0044.00 0046.00 0048.00 0050.00 0052.00 0054.00 0056.00 0058.00 0060.00 0062.00 0064.00 0066.00 0068.00 0070.00 0072.00 0074.00 0076.00 0078.00 0080.00 0082.00 0084.00 0086.00 0088.00 0090.00 0092.00 0094.00 0096.00 0098.00 0100.00 0102.00 0104.00 0106.00 0108.00 0110.00 0112.00 0114.00 0116.00 0118.00 0120.00 0122.00 0124.00 0126.00 0128.00 0130.00 0132.00 0134.00 0136.00 0138.00 0140.00 0142.00 0144.00 0146.00 0148.00 0150.00 0152.00 0154.00 0156.00 0158.00 0160.00 0162.00 0164.00 0166.00 0168.00 0170.00 0172.00 0174.00 0176.00 0178.00 0180.00 0182.00 0184.00 0186.00 0188.00 0190.00 
0033.00 0035.00 0037.00 0039.00 0041.00 0043.00 0045.00 0047.00 0049.00 0051.00 0053.00 0055.00 0057.00 0059.00 0061.00 0063.00 0065.00 0067.00 0069.00 0071.00 0073.00 0075.00 0077.00 0079.00 0081.00 0083.00 0085.00 0087.00 0089.00 0091.00 0093.00 0095.00 0097.00 0099.00 0101.00 0103.00 0105.00 0107.00 0109.00 0111.00 0113.00 0115.00 0117.00 0119.00 0121.00 0123.00 0125.00 0127.00 0129.00 0131.00 0133.00 0135.00 0137.00 0139.00 0141.00 0143.00 0145.00 0147.00 0149.00 0151.00 0153.00 0155.00 0157.00 0159.00 0161.00 0163.00 0165.00 0167.00 0169.00 0171.00 0173.00 0175.00 0177.00 0179.00 0181.00 0183.00 0185.00 0187.00 0189.00 0191.00 
0034.00 0036.00 0038.00 0040.00 0042.00 0044.00 0046.00 0048.00 0050.00 0052.00 0054.00 0056.00 0058.00 0060.00 0062.00 0064.00 0066.00 0068.00 0070.00 0072.00 0074.00 0076.00 0078.00 0080.00 0082.00 0084.00 0086.00 0088.00 0090.00 0092.00 0094.00 0096.00 0098.00 0100.00 0102.00 0104.00 0106.00 0108.00 0110.00 0112.00 0114.00 0116.00 0118.00 0120.00 0122.00 0124.00 0126.00 0128.00 0130.00 0132.00 0134.00 0136.00 0138.00 0140.00 0142.00 0144.00 0146.00 0148.00 0150.00 0152.00 0154.00 0156.00 0158.00 0160.00 0162.00 0164.00 0166.00 0168.00 0170.00 0172.00 0174.00 0176.00 0178.00 0180.00 0182.00 0184.00 0186.00 0188.00 0190.00 0192.00 
0035.00 0037.00 0039.00 0041.00 0043.00 0045.00 0047.00 0049.00 0051.00 0053.00 0055.00 0057.00 0059.00 0061.00 0063.00 0065.00 0067.00 0069.00 0071.00 0073.00 0075.00 0077.00 0079.00 0081.00 0083.00 0085.00 0087.00 0089.00 0091.00 0093.00 0095.00 0097.00 0099.00 0101.00 0103.00 0105.00 0107.00 0109.00 0111.00 0113.00 0115.00 0117.00 0119.00 0121.00 0123.00 0125.00 0127.00 0129.00 0131.00 0133.00 0135.00 0137.00 0139.00 0141.00 0143.00 0145.00 0147.00 0149.00 0151.00 0153.00 0155.00 0157.00 0159.00 0161.00 0163.00 0165.00 0167.00 0169.00 0171.00 0173.00 0175.00 0177.00 0179.00 0181.00 0183.00 0185.00 0187.00 0189.00 0191.00 0193.00 
0036.00 0038.00 0040.00 0042.00 0044.00 0046.00 0048.00 0050.00 0052.00 0054.00 0056.00 0058.00 0060.00 0062.00 0064.00 0066.00 0068.00 0070.00 0072.00 0074.00 0076.00 0078.00 0080.00 0082.00 0084.00 0086.00 0088.00 0090.00 0092.00 0094.00 0096.00 0098.00 0100.00 0102.00 0104.00 0106.00 0108.00 0110.00 0112.00 0114.00 0116.00 0118.00 0120.00 0122.00 0124.00 0126.00 0128.00 0130.00 0132.00 0134.00 0136.00 0138.00 0140.00 0142.00 0144.00 0146.00 0148.00 0150.00 0152.00 0154.00 0156.00 0158.00 0160.00 0162.00 0164.00 0166.00 0168.00 0170.00 0172.00 0174.00 0176.00 0178.00 0180.00 0182.00 0184.00 0186.00 0188.00 0190.00 0192.00 0194.00 
0037.00 0039.00 0041.00 0043.00 0045.00 0047.00 0049.00 0051.00 0053.00 0055.00 0057.00 0059.00 0061.00 0063.00 0065.00 0067.00 0069.00 0071.00 0073.00 0075.00 0077.00 0079.00 0081.00 0083.00 0085.00 0087.00 0089.00 0091.00 0093.00 0095.00 0097.00 0099.00 0101.00 0103.00 0105.00 0107.00 0109.00 0111.00 0113.00 0115.00 0117.00 0119.00 0121.00 0123.00 0125.00 0127.00 0129.00 0131.00 0133.00 0135.00 0137.00 0139.00 0141.00 0143.00 0145.00 0147.00 0149.00 0151.00 0153.00 0155.00 0157.00 0159.00 0161.00 0163.00 0165.00 0167.00 0169.00 0171.00 0173.00 0175.00 0177.00 0179.00 0181.00 0183.00 0185.00 0187.00 0189.00 0191.00 0193.00 0195.00 
0038.00 0040.00 0042.00 0044.00 0046.00 0048.00 0050.00 0052.00 0054.00 0056.00 0058.00 0060.00 0062.00 0064.00 0066.00 0068.00 0070.00 0072.00 0074.00 0076.00 0078.00 0080.00 0082.00 0084.00 0086.00 0088.00 0090.00 0092.00 0094.00 0096.00 0098.00 0100.00 0102.00 0104.00 0106.00 0108.00 0110.00 0112.00 0114.00 0116.00 0118.00 0120.00 0122.00 0124.00 0126.00 0128.00 0130.00 0132.00 0134.00 0136.00 0138.00 0140.00 0142.00 0144.00 0146.00 0148.00 0150.00 0152.00 0154.00 0156.00 0158.00 0160.00 0162.00 0164.00 0166.00 0168.00 0170.00 0172.00 0174.00 0176.00 0178.00 0180.00 0182.00 0184.00 0186.00 0188.00 0190.00 0192.00 0194.00 0196.00 
0039.00 0041.00 0043.00 0045.00 0047.00 0049.00 0051.00 0053.00 0055.00 0057.00 0059.00 0061.00 0063.00 0065.00 0067.00 0069.00 0071.00 0073.00 0075.00 0077.00 0079.00 0081.00 0083.00 0085.00 0087.00 0089.00 0091.00 0093.00 0095.00 0097.00 0099.00 0101.00 0103.00 0105.00 0107.00 0109.00 0111.00 0113.00 0115.00 0117.00 0119.00 0121.00 0123.00 0125.00 0127.00 0129.00 0131.00 0133.00 0135.00 0137.00 0139.00 0141.00 0143.00 0145.00 0147.00 0149.00 0151.00 0153.00 0155.00 0157.00 0159.00 0161.00 0163.00 0165.00 0167.00 0169.00 0171.00 0173.00 0175.00 0177.00 0179.00 0181.00 0183.00 0185.00 0187.00 0189.00 0191.00 0193.00 0195.00 0197.00 
0040.00 0042.00 0044.00 0046.00 0048.00 0050.00 0052.00 0054.00 0056.00 0058.00 0060.00 0062.00 0064.00 0066.00 0068.00 0070.00 0072.00 0074.00 0076.00 0078.00 0080.00 0082.00 0084.00 0086.00 0088.00 0090.00 0092.00 0094.00 0096.00 0098.00 0100.00 0102.00 0104.00 0106.00 0108.00 0110.00 0112.00 0114.00 0116.00 0118.00 0120.00 0122.00 0124.00 0126.00 0128.00 0130.00 0132.00 0134.00 0136.00 0138.00 0140.00 0142.00 0144.00 0146.00 0148.00 0150.00 0152.00 0154.00 0156.00 0158.00 0160.00 0162.00 0164.00 0166.00 0168.00 0170.00 0172.00 0174.00 0176.00 0178.00 0180.00 0182.00 0184.00 0186.00 0188.00 0190.00 0192.00 0194.00 0196.00 0198.00 
0041.00 0043.00 0045.00 0047.00 0049.00 0051.00 0053.00 0055.00 0057.00 0059.00 0061.00 0063.00 0065.00 0067.00 0069.00 0071.00 0073.00 0075.00 0077.00 0079.00 0081.00 0083.00 0085.00 0087.00 0089.00 0091.00 0093.00 0095.00 0097.00 0099.00 0101.00 0103.00 0105.00 0107.00 0109.00 0111.00 0113.00 0115.00 0117.00 0119.00 0121.00 0123.00 0125.00 0127.00 0129.00 0131.00 0133.00 0135.00 0137.00 0139.00 0141.00 0143.00 0145.00 0147.00 0149.00 0151.00 0153.00 0155.00 0157.00 0159.00 0161.00 0163.00 0165.00 0167.00 0169.00 0171.00 0173.00 0175.00 0177.00 0179.00 0181.00 0183.00 0185.00 0187.00 0189.00 0191.00 0193.00 0195.00 0197.00 0199.00 
0042.00 0044.00 0046.00 0048.00 0050.00 0052.00 0054.00 0056.00 0058.00 0060.00 0062.00 0064.00 0066.00 0068.00 0070.00 0072.00 0074.00 0076.00 0078.00 0080.00 0082.00 0084.00 0086.00 0088.00 0090.00 0092.00 0094.00 0096.00 0098.00 0100.00 0102.00 0104.00 0106.00 0108.00 0110.00 0112.00 0114.00 0116.00 0118.00 0120.00 0122.00 0124.00 0126.00 0128.00 0130.00 0132.00 0134.00 0136.00 0138.00 0140.00 0142.00 0144.00 0146.00 0148.00 0150.00 0152.00 0154.00 0156.00 0158.00 0160.00 0162.00 0164.00 0166.00 0168.00 0170.00 0172.00 0174.00 0176.00 0178.00 0180.00 0182.00 0184.00 0186.00 0188.00 0190.00 0192.00 0194.00 0196.00 0198.00 0200.00 
0043.00 0045.00 0047.00 0049.00 0051.00 0053.00 0055.00 0057.00 0059.00 0061.00 0063.00 0065.00 0067.00 0069.00 0071.00 0073.00 0075.00 0077.00 0079.00 0081.00 0083.00 0085.00 0087.00 0089.00 0091.00 0093.00 0095.00 0097.00 0099.00 0101.00 0103.00 0105.00 0107.00 0109.00 0111.00 0113.00 0115.00 0117.00 0119.00 0121.00 0123.00 0125.00 0127.00 0129.00 0131.00 0133.00 0135.00 0137.00 0139.00 0141.00 0143.00 0145.00 0147.00 0149.00 0151.00 0153.00 0155.00 0157.00 0159.00 0161.00 0163.00 0165.00 0167.00 0169.00 0171.00 0173.00 0175.00 0177.00 0179.00 0181.00 0183.00 0185.00 0187.00 0189.00 0191.00 0193.00 0195.00 0197.00 0199.00 0201.00 
0044.00 0046.00 0048.00 0050.00 0052.00 0054.00 0056.00 0058.00 0060.00 0062.00 0064.00 0066.00 0068.00 0070.00 0072.00 0074.00 0076.00 0078.00 0080.00 0082.00 0084.00 0086.00 0088.00 0090.00 0092.00 0094.00 0096.00 0098.00 0100.00 0102.00 0104.00 0106.00 0108.00 0110.00 0112.00 0114.00 0116.00 0118.00 0120.00 0122.00 0124.00 0126.00 0128.00 0130.00 0132.00 0134.00 0136.00 0138.00 0140.00 0142.00 0144.00 0146.00 0148.00 0150.00 0152.00 0154.00 0156.00 0158.00 0160.00 0162.00 0164.00 0166.00 0168.00 0170.00 0172.00 0174.00 0176.00 0178.00 0180.00 0182.00 0184.00 0186.00 0188.00 0190.00 0192.00 0194.00 0196.00 0198.00 0200.00 0202.00 
0045.00 0047.00 0049.00 0051.00 0053.00 0055.00 0057.00 0059.00 0061.00 0063.00 0065.00 0067.00 0069.00 0071.00 0073.00 0075.00 0077.00 0079.00 0081.00 0083.00 0085.00 0087.00 0089.00 0091.00 0093.00 0095.00 0097.00 0099.00 0101.00 0103.00 0105.00 0107.00 0109.00 0111.00 0113.00 0115.00 0117.00 0119.00 0121.00 0123.00 0125.00 0127.00 0129.00 0131.00 0133.00 0135.00 0137.00 0139.00 0141.00 0143.00 0145.00 0147.00 0149.00 0151.00 0153.00 0155.00 0157.00 0159.00 0161.00 0163.00 0165.00 0167.00 0169.00 0171.00 0173.00 0175.00 0177.00 0179.00 0181.00 0183.00 0185.00 0187.00 0189.00 0191.00 0193.00 0195.00 0197.00 0199.00 0201.00 0203.00 
0046.00 0048.00 0050.00 0052.00 0054.00 0056.00 0058.00 0060.00 0062.00 0064.00 0066.00 0068.00 0070.00 0072.00 0074.00 0076.00 0078.00 0080.00 0082.00 0084.00 0086.00 0088.00 0090.00 0092.00 0094.00 0096.00 0098.00 0100.00 0102.00 0104.00 0106.00 0108.00 0110.00 0112.00 0114.00 0116.00 0118.00 0120.00 0122.00 0124.00 0126.00 0128.00 0130.00 0132.00 0134.00 0136.00 0138.00 0140.00 0142.00 0144.00 0146.00 0148.00 0150.00 0152.00 0154.00 0156.00 0158.00 0160.00 0162.00 0164.00 0166.00 0168.00 0170.00 0172.00 0174.00 0176.00 0178.00 0180.00 0182.00 0184.00 0186.00 0188.00 0190.00 0192.00 0194.00 0196.00 0198.00 0200.00 0202.00 0204.00 
0047.00 0049.00 0051.00 0053.00 0055.00 0057.00 0059.00 0061.00 0063.00 0065.00 0067.00 0069.00 0071.00 0073.00 0075.00 0077.00 0079.00 0081.00 0083.00 0085.00 0087.00 0089.00 0091.00 0093.00 0095.00 0097.00 0099.00 0101.00 0103.00 0105.00 0107.00 0109.00 0111.00 0113.00 0115.00 0117.00 0119.00 0121.00 0123.00 0125.00 0127.00 0129.00 0131.00 0133.00 0135.00 0137.00 0139.00 0141.00 0143.00 0145.00 0147.00 0149.00 0151.00 0153.00 0155.00 0157.00 0159.00 0161.00 0163.00 0165.00 0167.00 0169.00 0171.00 0173.00 0175.00 0177.00 0179.00 0181.00 0183.00 0185.00 0187.00 0189.00 0191.00 0193.00 0195.00 0197.00 0199.00 0201.00 0203.00 0205.00 
0048.00 0050.00 0052.00 0054.00 0056.00 0058.00 0060.00 0062.00 0064.00 0066.00 0068.00 0070.00 0072.00 0074.00 0076.00 0078.00 0080.00 0082.00 0084.00 0086.00 0088.00 0090.00 0092.00 0094.00 0096.00 0098.00 0100.00 0102.00 0104.00 0106.00 0108.00 0110.00 0112.00 0114.00 0116.00 0118.00 0120.00 0122.00 0124.00 0126.00 0128.00 0130.00 0132.00 0134.00 0136.00 0138.00 0140.00 0142.00 0144.00 0146.00 0148.00 0150.00 0152.00 0154.00 0156.00 0158.00 0160.00 0162.00 0164.00 0166.00 0168.00 0170.00 0172.00 0174.00 0176.00 0178.00 0180.00 0182.00 0184.00 0186.00 0188.00 0190.00 0192.00 0194.00 0196.00 0198.00 0200.00 0202.00 0204.00 0206.00 
0049.00 0051.00 0053.00 0055.00 0057.00 0059.00 0061.00 0063.00 0065.00 0067.00 0069.00 0071.00 0073.00 0075.00 0077.00 0079.00 0081.00 0083.00 0085.00 0087.00 0089.00 0091.00 0093.00 0095.00 0097.00 0099.00 0101.00 0103.00 0105.00 0107.00 0109.00 0111.00 0113.00 0115.00 0117.00 0119.00 0121.00 0123.00 0125.00 0127.00 0129.00 0131.00 0133.00 0135.00 0137.00 0139.00 0141.00 0143.00 0145.00 0147.00 0149.00 0151.00 0153.00 0155.00 0157.00 0159.00 0161.00 0163.00 0165.00 0167.00 0169.00 0171.00 0173.00 0175.00 0177.00 0179.00 0181.00 0183.00 0185.00 0187.00 0189.00 0191.00 0193.00 0195.00 0197.00 0199.00 0201.00 0203.00 0205.00 0207.00 
0050.00 0052.00 0054.00 0056.00 0058.00 0060.00 0062.00 0064.00 0066.00 0068.00 0070.00 0072.00 0074.00 0076.00 0078.00 0080.00 0082.00 0084.00 0086.00 0088.00 0090.00 0092.00 0094.00 0096.00 0098.00 0100.00 0102.00 0104.00 0106.00 0108.00 0110.00 0112.00 0114.00 0116.00 0118.00 0120.00 0122.00 0124.00 0126.00 0128.00 0130.00 0132.00 0134.00 0136.00 0138.00 0140.00 0142.00 0144.00 0146.00 0148.00 0150.00 0152.00 0154.00 0156.00 0158.00 0160.00 0162.00 0164.00 0166.00 0168.00 0170.00 0172.00 0174.00 0176.00 0178.00 0180.00 0182.00 0184.00 0186.00 0188.00 0190.00 0192.00 0194.00 0196.00 0198.00 0200.00 0202.00 0204.00 0206.00 0208.00 
0051.00 0053.00 0055.00 0057.00 0059.00 0061.00 0063.00 0065.00 0067.00 0069.00 0071.00 0073.00 0075.00 0077.00 0079.00 0081.00 0083.00 0085.00 0087.00 0089.00 0091.00 0093.00 0095.00 0097.00 0099.00 0101.00 0103.00 0105.00 0107.00 0109.00 0111.00 0113.00 0115.00 0117.00 0119.00 0121.00 0123.00 0125.00 0127.00 0129.00 0131.00 0133.00 0135.00 0137.00 0139.00 0141.00 0143.00 0145.00 0147.00 0149.00 0151.00 0153.00 0155.00 0157.00 0159.00 0161.00 0163.00 0165.00 0167.00 0169.00 0171.00 0173.00 0175.00 0177.00 0179.00 0181.00 0183.00 0185.00 0187.00 0189.00 0191.00 0193.00 0195.00 0197.00 0199.00 0201.00 0203.00 0205.00 0207.00 0209.00 
0052.00 0054.00 0056.00 0058.00 0060.00 0062.00 0064.00 0066.00 0068.00 0070.00 0072.00 0074.00 0076.00 0078.00 0080.00 0082.00 0084.00 0086.00 0088.00 0090.00 0092.00 0094.00 0096.00 0098.00 0100.00 0102.00 0104.00 0106.00 0108.00 0110.00 0112.00 0114.00 0116.00 0118.00 0120.00 0122.00 0124.00 0126.00 0128.00 0130.00 0132.00 0134.00 0136.00 0138.00 0140.00 0142.00 0144.00 0146.00 0148.00 0150.00 0152.00 0154.00 0156.00 0158.00 0160.00 0162.00 0164.00 0166.00 0168.00 0170.00 0172.00 0174.00 0176.00 0178.00 0180.00 0182.00 0184.00 0186.00 0188.00 0190.00 0192.00 0194.00 0196.00 0198.00 0200.00 0202.00 0204.00 0206.00 0208.00 0210.00 
0053.00 0055.00 0057.00 0059.00 0061.00 0063.00 0065.00 0067.00 0069.00 0071.00 0073.00 0075.00 0077.00 0079.00 0081.00 0083.00 0085.00 0087.00 0089.00 0091.00 0093.00 0095.00 0097.00 0099.00 0101.00 0103.00 0105.00 0107.00 0109.00 0111.00 0113.00 0115.00 0117.00 0119.00 0121.00 0123.00 0125.00 0127.00 0129.00 0131.00 0133.00 0135.00 0137.00 0139.00 0141.00 0143.00 0145.00 0147.00 0149.00 0151.00 0153.00 0155.00 0157.00 0159.00 0161.00 0163.00 0165.00 0167.00 0169.00 0171.00 0173.00 0175.00 0177.00 0179.00 0181.00 0183.00 0185.00 0187.00 0189.00 0191.00 0193.00 0195.00 0197.00 0199.00 0201.00 0203.00 0205.00 0207.00 0209.00 0211.00 
0054.00 0056.00 0058.00 0060.00 0062.00 0064.00 0066.00 0068.00 0070.00 0072.00 0074.00 0076.00 0078.00 0080.00 0082.00 0084.00 0086.00 0088.00 0090.00 0092.00 0094.00 0096.00 0098.00 0100.00 0102.00 0104.00 0106.00 0108.00 0110.00 0112.00 0114.00 0116.00 0118.00 0120.00 0122.00 0124.00 0126.00 0128.00 0130.00 0132.00 0134.00 0136.00 0138.00 0140.00 0142.00 0144.00 0146.00 0148.00 0150.00 0152.00 0154.00 0156.00 0158.00 0160.00 0162.00 0164.00 0166.00 0168.00 0170.00 0172.00 0174.00 0176.00 0178.00 0180.00 0182.00 0184.00 0186.00 0188.00 0190.00 0192.00 0194.00 0196.00 0198.00 0200.00 0202.00 0204.00 0206.00 0208.00 0210.00 0212.00 

1298.00 1279.00 1260.00 1241.00 1222.00 1203.00 1184.00 1165.00 1146.00 1127.00 1108.00 1089.00 1070.00 1051.00 1032.00 1013.00 0994.00 0975.00 0956.00 0937.00 0918.00 0899.00 0881.00 0863.00 0845.00 0827.00 0809.00 0791.00 0773.00 0755.00 0737.00 0719.00 0701.00 0683.00 0665.00 0647.00 0629.00 0611.00 0593.00 0575.00 0557.00 0540.00 0523.00 0506.00 0489.00 0472.00 0455.00 0438.00 0421.00 0404.00 0387.00 0370.00 0353.00 0336.00 0319.00 0302.00 0285.00 0268.00 0251.00 0234.00 0217.00 0200.00 0183.00 0166.00 0153.00 0144.00 0136.00 0128.00 0120.00 0112.00 0104.00 0096.00 0094.00 0093.00 0092.00 0096.00 0106.00 0116.00 0126.00 0136.00 
1287.00 1268.00 1249.00 1230.00 1211.00 1192.00 1173.00 1154.00 1135.00 1116.00 1097.00 1078.00 1059.00 1040.00 1021.00 1002.00 0983.00 0964.00 0945.00 0926.00 0907.00 0888.00 0870.00 0852.00 0834.00 0816.00 0798.00 0780.00 0762.00 0744.00 0726.00 0708.00 0690.00 0672.00 0654.00 0636.00 0618.00 0600.00 0582.00 0564.00 0546.00 0529.00 0512.00 0495.00 0478.00 0461.00 0444.00 0427.00 0410.00 0393.00 0376.00 0359.00 0342.00 0325.00 0308.00 0291.00 0274.00 0257.00 0240.00 0223.00 0206.00 0189.00 0172.00 0157.00 0145.00 0137.00 0129.00 0121.00 0113.00 0105.00 0097.00 0092.00 0091.00 0090.00 0090.00 0100.00 0110.00 0120.00 0130.00 0142.00 
1276.00 1257.00 1238.00 1219.00 1200.00 1181.00 1162.00 1143.00 1124.00 1105.00 1086.00 1067.00 1048.00 1029.00 1010.00 0991.00 0972.00 0953.00 0934.00 0915.00 0896.00 0877.00 0859.00 0841.00 0823.00 0805.00 0787.00 0769.00 0751.00 0733.00 0715.00 0697.00 0679.00 0661.00 0643.00 0625.00 0607.00 0589.00 0571.00 0553.00 0535.00 0518.00 0501.00 0484.00 0467.00 0450.00 0433.00 0416.00 0399.00 0382.00 0365.00 0348.00 0331.00 0314.00 0297.00 0280.00 0263.00 0246.00 0229.00 0212.00 0195.00 0178.00 0161.00 0148.00 0138.00 0130.00 0122.00 0114.00 0106.00 0098.00 0090.00 0089.00 0088.00 0087.00 0094.00 0104.00 0114.00 0124.00 0135.00 0148.00 
1265.00 1246.00 1227.00 1208.00 1189.00 1170.00 1151.00 1132.00 1113.00 1094.00 1075.00 1056.00 1037.00 1018.00 0999.00 0980.00 0961.00 0942.00 0923.00 0904.00 0885.00 0866.00 0848.00 0830.00 0812.00 0794.00 0776.00 0758.00 0740.00 0722.00 0704.00 0686.00 0668.00 0650.00 0632.00 0614.00 0596.00 0578.00 0560.00 0542.00 0524.00 0507.00 0490.00 0473.00 0456.00 0439.00 0422.00 0405.00 0388.00 0371.00 0354.00 0337.00 0320.00 0303.00 0286.00 0269.00 0252.00 0235.00 0218.00 0201.00 0184.00 0167.00 0152.00 0139.00 0131.00 0123.00 0115.00 0107.00 0099.00 0091.00 0087.00 0086.00 0085.00 0088.00 0098.00 0108.00 0118.00 0128.00 0141.00 0154.00 
1254.00 1235.00 1216.00 1197.00 1178.00 1159.00 1140.00 1121.00 1102.00 1083.00 1064.00 1045.00 1026.00 1007.00 0988.00 0969.00 0950.00 0931.00 0912.00 0893.00 0874.00 0855.00 0837.00 0819.00 0801.00 0783.00 0765.00 0747.00 0729.00 0711.00 0693.00 0675.00 0657.00 0639.00 0621.00 0603.00 0585.00 0567.00 0549.00 0531.00 0513.00 0496.00 0479.00 0462.00 0445.00 0428.00 0411.00 0394.00 0377.00 0360.00 0343.00 0326.00 0309.00 0292.00 0275.00 0258.00 0241.00 0224.00 0207.00 0190.00 0173.00 0156.00 0143.00 0132.00 0124.00 0116.00 0108.00 0100.00 0092.00 0085.00 0084.00 0083.00 0083.00 0092.00 0102.00 0112.00 0122.00 0134.00 0147.00 0160.00 
1243.00 1224.00 1205.00 1186.00 1167.00 1148.00 1129.00 1110.00 1091.00 1072.00 1053.00 1034.00 1015.00 0996.00 0977.00 0958.00 0939.00 0920.00 0901.00 0882.00 0863.00 0844.00 0826.00 0808.00 0790.00 0772.00 0754.00 0736.00 0718.00 0700.00 0682.00 0664.00 0646.00 0628.00 0610.00 0592.00 0574.00 0556.00 0538.00 0520.00 0502.00 0485.00 0468.00 0451.00 0434.00 0417.00 0400.00 0383.00 0366.00 0349.00 0332.00 0315.00 0298.00 0281.00 0264.00 0247.00 0230.00 0213.00 0196.00 0179.00 0162.00 0147.00 0134.00 0125.00 0117.00 0109.00 0101.00 0093.00 0085.00 0082.00 0081.00 0080.00 0086.00 0096.00 0106.00 0116.00 0127.00 0140.00 0153.00 0166.00 
1232.00 1213.00 1194.00 1175.00 1156.00 1137.00 1118.00 1099.00 1080.00 1061.00 1042.00 1023.00 1004.00 0985.00 0966.00 0947.00 0928.00 0909.00 0890.00 0871.00 0852.00 0833.00 0815.00 0797.00 0779.00 0761.00 0743.00 0725.00 0707.00 0689.00 0671.00 0653.00 0635.00 0617.00 0599.00 0581.00 0563.00 0545.00 0527.00 0509.00 0491.00 0474.00 0457.00 0440.00 0423.00 0406.00 0389.00 0372.00 0355.00 0338.00 0321.00 0304.00 0287.00 0270.00 0253.00 0236.00 0219.00 0202.00 0185.00 0168.00 0151.00 0138.00 0126.00 0118.00 0110.00 0102.00 0094.00 0086.00 0080.00 0079.00 0078.00 0080.00 0090.00 0100.00 0110.00 0120.00 0133.00 0146.00 0159.00 0172.00 
1221.00 1202.00 1183.00 1164.00 1145.00 1126.00 1107.00 1088.00 1069.00 1050.00 1031.00 1012.00 0993.00 0974.00 0955.00 0936.00 0917.00 0898.00 0879.00 0860.00 0841.00 0822.00 0804.00 0786.00 0768.00 0750.00 0732.00 0714.00 0696.00 0678.00 0660.00 0642.00 0624.00 0606.00 0588.00 0570.00 0552.00 0534.00 0516.00 0498.00 0480.00 0463.00 0446.00 0429.00 0412.00 0395.00 0378.00 0361.00 0344.00 0327.00 0310.00 0293.00 0276.00 0259.00 0242.00 0225.00 0208.00 0191.00 0174.00 0157.00 0142.00 0129.00 0119.00 0111.00 0103.00 0095.00 0087.00 0079.00 0077.00 0076.00 0076.00 0084.00 0094.00 0104.00 0114.00 0126.00 0139.00 0152.00 0165.00 0178.00 
1210.00 1191.00 1172.00 1153.00 1134.00 1115.00 1096.00 1077.00 1058.00 1039.00 1020.00 1001.00 0982.00 0963.00 0944.00 0925.00 0906.00 0887.00 0868.00 0849.00 0830.00 0811.00 0793.00 0775.00 0757.00 0739.00 0721.00 0703.00 0685.00 0667.00 0649.00 0631.00 0613.00 0595.00 0577.00 0559.00 0541.00 0523.00 0505.00 0487.00 0469.00 0452.00 0435.00 0418.00 0401.00 0384.00 0367.00 0350.00 0333.00 0316.00 0299.00 0282.00 0265.00 0248.00 0231.00 0214.00 0197.00 0180.00 0163.00 0146.00 0133.00 0120.00 0112.00 0104.00 0096.00 0088.00 0080.00 0075.00 0074.00 0073.00 0078.00 0088.00 0098.00 0108.00 0119.00 0132.00 0145.00 0158.00 0171.00 0184.00 
1199.00 1180.00 1161.00 1142.00 1123.00 1104.00 1085.00 1066.00 1047.00 1028.00 1009.00 0990.00 0971.00 0952.00 0933.00 0914.00 0895.00 0876.00 0857.00 0838.00 0819.00 0800.00 0782.00 0764.00 0746.00 0728.00 0710.00 0692.00 0674.00 0656.00 0638.00 0620.00 0602.00 0584.00 0566.00 0548.00 0530.00 0512.00 0494.00 0476.00 0458.00 0441.00 0424.00 0407.00 0390.00 0373.00 0356.00 0339.00 0322.00 0305.00 0288.00 0271.00 0254.00 0237.00 0220.00 0203.00 0186.00 0169.00 0152.00 0137.00 0124.00 0113.00 0105.00 0097.00 0089.00 0081.00 0073.00 0072.00 0071.00 0073.00 0082.00 0092.00 0102.00 0112.00 0125.00 0138.00 0151.00 0164.00 0177.00 0191.00 
1188.00 1169.00 1150.00 1131.00 1112.00 1093.00 1074.00 1055.00 1036.00 1017.00 0998.00 0979.00 0960.00 0941.00 0922.00 0903.00 0884.00 0865.00 0846.00 0827.00 0808.00 0789.00 0771.00 0753.00 0735.00 0717.00 0699.00 0681.00 0663.00 0645.00 0627.00 0609.00 0591.00 0573.00 0555.00 0537.00 0519.00 0501.00 0483.00 0465.00 0447.00 0430.00 0413.00 0396.00 0379.00 0362.00 0345.00 0328.00 0311.00 0294.00 0277.00 0260.00 0243.00 0226.00 0209.00 0192.00 0175.00 0158.00 0141.00 0128.00 0115.00 0106.00 0098.00 0090.00 0082.00 0074.00 0070.00 0069.00 0069.00 0076.00 0086.00 0096.00 0106.00 0118.00 0131.00 0144.00 0157.00 0170.00 0183.00 0200.00 
1177.00 1158.00 1139.00 1120.00 1101.00 1082.00 1063.00 1044.00 1025.00 1006.00 0987.00 0968.00 0949.00 0930.00 0911.00 0892.00 0873.00 0854.00 0835.00 0816.00 0797.00 0778.00 0760.00 0742.00 0724.00 0706.00 0688.00 0670.00 0652.00 0634.00 0616.00 0598.00 0580.00 0562.00 0544.00 0526.00 0508.00 0490.00 0472.00 0454.00 0436.00 0419.00 0402.00 0385.00 0368.00 0351.00 0334.00 0317.00 0300.00 0283.00 0266.00 0249.00 0232.00 0215.00 0198.00 0181.00 0164.00 0147.00 0132.00 0119.00 0107.00 0099.00 0091.00 0083.00 0075.00 0068.00 0067.00 0066.00 0070.00 0080.00 0090.00 0100.00 0111.00 0124.00 0137.00 0150.00 0163.00 0176.00 0192.00 0209.00 
1166.00 1147.00 1128.00 1109.00 1090.00 1071.00 1052.00 1033.00 1014.00 0995.00 0976.00 0957.00 0938.00 0919.00 0900.00 0881.00 0862.00 0843.00 0824.00 0805.00 0786.00 0767.00 0749.00 0731.00 0713.00 0695.00 0677.00 0659.00 0641.00 0623.00 0605.00 0587.00 0569.00 0551.00 0533.00 0515.00 0497.00 0479.00 0461.00 0443.00 0425.00 0408.00 0391.00 0374.00 0357.00 0340.00 0323.00 0306.00 0289.00 0272.00 0255.00 0238.00 0221.00 0204.00 0187.00 0170.00 0153.00 0136.00 0123.00 0110.00 0100.00 0092.00 0084.00 0076.00 0068.00 0065.00 0064.00 0066.00 0074.00 0084.00 0094.00 0104.00 0117.00 0130.00 0143.00 0156.00 0169.00 0184.00 0201.00 0218.00 
1155.00 1136.00 1117.00 1098.00 1079.00 1060.00 1041.00 1022.00 1003.00 0984.00 0965.00 0946.00 0927.00 0908.00 0889.00 0870.00 0851.00 0832.00 0813.00 0794.00 0775.00 0756.00 0738.00 0720.00 0702.00 0684.00 0666.00 0648.00 0630.00 0612.00 0594.00 0576.00 0558.00 0540.00 0522.00 0504.00 0486.00 0468.00 0450.00 0432.00 0414.00 0397.00 0380.00 0363.00 0346.00 0329.00 0312.00 0295.00 0278.00 0261.00 0244.00 0227.00 0210.00 0193.00 0176.00 0159.00 0142.00 0127.00 0114.00 0101.00 0093.00 0085.00 0077.00 0069.00 0063.00 0062.00 0062.00 0068.00 0078.00 0088.00 0098.00 0110.00 0123.00 0136.00 0149.00 0162.00 0176.00 0193.00 0210.00 0227.00 
1144.00 1125.00 1106.00 1087.00 1068.00 1049.00 1030.00 1011.00 0992.00 0973.00 0954.00 0935.00 0916.00 0897.00 0878.00 0859.00 0840.00 0821.00 0802.00 0783.00 0764.00 0745.00 0727.00 0709.00 0691.00 0673.00 0655.00 0637.00 0619.00 0601.00 0583.00 0565.00 0547.00 0529.00 0511.00 0493.00 0475.00 0457.00 0439.00 0421.00 0403.00 0386.00 0369.00 0352.00 0335.00 0318.00 0301.00 0284.00 0267.00 0250.00 0233.00 0216.00 0199.00 0182.00 0165.00 0148.00 0131.00 0118.00 0105.00 0094.00 0086.00 0078.00 0070.00 0062.00 0060.00 0059.00 0063.00 0072.00 0082.00 0092.00 0103.00 0116.00 0129.00 0142.00 0155.00 0168.00 0185.00 0202.00 0219.00 0236.00 
1133.00 1114.00 1095.00 1076.00 1057.00 1038.00 1019.00 1000.00 0981.00 0962.00 0943.00 0924.00 0905.00 0886.00 0867.00 0848.00 0829.00 0810.00 0791.00 0772.00 0753.00 0734.00 0716.00 0698.00 0680.00 0662.00 0644.00 0626.00 0608.00 0590.00 0572.00 0554.00 0536.00 0518.00 0500.00 0482.00 0464.00 0446.00 0428.00 0410.00 0392.00 0375.00 0358.00 0341.00 0324.00 0307.00 0290.00 0273.00 0256.00 0239.00 0222.00 0205.00 0188.00 0171.00 0154.00 0137.00 0122.00 0109.00 0096.00 0087.00 0079.00 0071.00 0063.00 0058.00 0057.00 0059.00 0066.00 0076.00 0086.00 0096.00 0109.00 0122.00 0135.00 0148.00 0161.00 0177.00 0194.00 0211.00 0228.00 0245.00 
1122.00 1103.00 1084.00 1065.00 1046.00 1027.00 1008.00 0989.00 0970.00 0951.00 0932.00 0913.00 0894.00 0875.00 0856.00 0837.00 0818.00 0799.00 0780.00 0761.00 0742.00 0723.00 0705.00 0687.00 0669.00 0651.00 0633.00 0615.00 0597.00 0579.00 0561.00 0543.00 0525.00 0507.00 0489.00 0471.00 0453.00 0435.00 0417.00 0399.00 0381.00 0364.00 0347.00 0330.00 0313.00 0296.00 0279.00 0262.00 0245.00 0228.00 0211.00 0194.00 0177.00 0160.00 0143.00 0126.00 0113.00 0100.00 0088.00 0080.00 0072.00 0064.00 0056.00 0055.00 0055.00 0060.00 0070.00 0080.00 0090.00 0102.00 0115.00 0128.00 0141.00 0154.00 0169.00 0186.00 0203.00 0220.00 0237.00 0254.00 
1111.00 1092.00 1073.00 1054.00 1035.00 1016.00 0997.00 0978.00 0959.00 0940.00 0921.00 0902.00 0883.00 0864.00 0845.00 0826.00 0807.00 0788.00 0769.00 0750.00 0731.00 0712.00 0694.00 0676.00 0658.00 0640.00 0622.00 0604.00 0586.00 0568.00 0550.00 0532.00 0514.00 0496.00 0478.00 0460.00 0442.00 0424.00 0406.00 0388.00 0370.00 0353.00 0336.00 0319.00 0302.00 0285.00 0268.00 0251.00 0234.00 0217.00 0200.00 0183.00 0166.00 0149.00 0132.00 0117.00 0104.00 0091.00 0081.00 0073.00 0065.00 0057.00 0053.00 0052.00 0056.00 0064.00 0074.00 0084.00 0095.00 0108.00 0121.00 0134.00 0147.00 0161.00 0178.00 0195.00 0212.00 0229.00 0246.00 0263.00 
1100.00 1081.00 1062.00 1043.00 1024.00 1005.00 0986.00 0967.00 0948.00 0929.00 0910.00 0891.00 0872.00 0853.00 0834.00 0815.00 0796.00 0777.00 0758.00 0739.00 0720.00 0701.00 0683.00 0665.00 0647.00 0629.00 0611.00 0593.00 0575.00 0557.00 0539.00 0521.00 0503.00 0485.00 0467.00 0449.00 0431.00 0413.00 0395.00 0377.00 0359.00 0342.00 0325.00 0308.00 0291.00 0274.00 0257.00 0240.00 0223.00 0206.00 0189.00 0172.00 0155.00 0138.00 0121.00 0108.00 0095.00 0082.00 0074.00 0066.00 0058.00 0051.00 0050.00 0052.00 0058.00 0068.00 0078.00 0088.00 0101.00 0114.00 0127.00 0140.00 0153.00 0170.00 0187.00 0204.00 0221.00 0238.00 0255.00 0272.00 
1089.00 1070.00 1051.00 1032.00 1013.00 0994.00 0975.00 0956.00 0937.00 0918.00 0899.00 0880.00 0861.00 0842.00 0823.00 0804.00 0785.00 0766.00 0747.00 0728.00 0709.00 0690.00 0672.00 0654.00 0636.00 0618.00 0600.00 0582.00 0564.00 0546.00 0528.00 0510.00 0492.00 0474.00 0456.00 0438.00 0420.00 0402.00 0384.00 0366.00 0348.00 0331.00 0314.00 0297.00 0280.00 0263.00 0246.00 0229.00 0212.00 0195.00 0178.00 0161.00 0144.00 0127.00 0112.00 0099.00 0086.00 0075.00 0067.00 0059.00 0051.00 0048.00 0048.00 0053.00 0062.00 0072.00 0082.00 0094.00 0107.00 0120.00 0133.00 0146.00 0162.00 0179.00 0196.00 0213.00 0230.00 0247.00 0264.00 0281.00 
1078.00 1059.00 1040.00 1021.00 1002.00 0983.00 0964.00 0945.00 0926.00 0907.00 0888.00 0869.00 0850.00 0831.00 0812.00 0793.00 0774.00 0755.00 0736.00 0717.00 0698.00 0679.00 0661.00 0643.00 0625.00 0607.00 0589.00 0571.00 0553.00 0535.00 0517.00 0499.00 0481.00 0463.00 0445.00 0427.00 0409.00 0391.00 0373.00 0355.00 0337.00 0320.00 0303.00 0286.00 0269.00 0252.00 0235.00 0218.00 0201.00 0184.00 0167.00 0150.00 0133.00 0116.00 0103.00 0090.00 0077.00 0068.00 0060.00 0052.00 0046.00 0045.00 0049.00 0056.00 0066.00 0076.00 0087.00 0100.00 0113.00 0126.00 0139.00 0154.00 0171.00 0188.00 0205.00 0222.00 0239.00 0256.00 0273.00 0290.00 
1067.00 1048.00 1029.00 1010.00 0991.00 0972.00 0953.00 0934.00 0915.00 0896.00 0877.00 0858.00 0839.00 0820.00 0801.00 0782.00 0763.00 0744.00 0725.00 0706.00 0687.00 0668.00 0650.00 0632.00 0614.00 0596.00 0578.00 0560.00 0542.00 0524.00 0506.00 0488.00 0470.00 0452.00 0434.00 0416.00 0398.00 0380.00 0362.00 0344.00 0326.00 0309.00 0292.00 0275.00 0258.00 0241.00 0224.00 0207.00 0190.00 0173.00 0156.00 0139.00 0122.00 0107.00 0094.00 0081.00 0069.00 0061.00 0053.00 0045.00 0043.00 0045.00 0050.00 0060.00 0070.00 0080.00 0093.00 0106.00 0119.00 0132.00 0146.00 0163.00 0180.00 0197.00 0214.00 0231.00 0248.00 0265.00 0282.00 0299.00 
1056.00 1037.00 1018.00 0999.00 0980.00 0961.00 0942.00 0923.00 0904.00 0885.00 0866.00 0847.00 0828.00 0809.00 0790.00 0771.00 0752.00 0733.00 0714.00 0695.00 0676.00 0657.00 0639.00 0621.00 0603.00 0585.00 0567.00 0549.00 0531.00 0513.00 0495.00 0477.00 0459.00 0441.00 0423.00 0405.00 0387.00 0369.00 0351.00 0333.00 0315.00 0298.00 0281.00 0264.00 0247.00 0230.00 0213.00 0196.00 0179.00 0162.00 0145.00 0128.00 0111.00 0098.00 0085.00 0072.00 0062.00 0054.00 0046.00 0041.00 0041.00 0046.00 0054.00 0064.00 0074.00 0086.00 0099.00 0112.00 0125.00 0138.00 0155.00 0172.00 0189.00 0206.00 0223.00 0240.00 0257.00 0274.00 0291.00 0308.00 
1045.00 1026.00 1007.00 0988.00 0969.00 0950.00 0931.00 0912.00 0893.00 0874.00 0855.00 0836.00 0817.00 0798.00 0779.00 0760.00 0741.00 0722.00 0703.00 0684.00 0665.00 0646.00 0628.00 0610.00 0592.00 0574.00 0556.00 0538.00 0520.00 0502.00 0484.00 0466.00 0448.00 0430.00 0412.00 0394.00 0376.00 0358.00 0340.00 0322.00 0304.00 0287.00 0270.00 0253.00 0236.00 0219.00 0202.00 0185.00 0168.00 0151.00 0134.00 0117.00 0102.00 0089.00 0076.00 0063.00 0055.00 0047.00 0039.00 0038.00 0042.00 0048.00 0058.00 0068.00 0079.00 0092.00 0105.00 0118.00 0131.00 0147.00 0164.00 0181.00 0198.00 0215.00 0232.00 0249.00 0266.00 0283.00 0300.00 0317.00 
1034.00 1015.00 0996.00 0977.00 0958.00 0939.00 0920.00 0901.00 0882.00 0863.00 0844.00 0825.00 0806.00 0787.00 0768.00 0749.00 0730.00 0711.00 0692.00 0673.00 0654.00 0635.00 0617.00 0599.00 0581.00 0563.00 0545.00 0527.00 0509.00 0491.00 0473.00 0455.00 0437.00 0419.00 0401.00 0383.00 0365.00 0347.00 0329.00 0311.00 0293.00 0276.00 0259.00 0242.00 0225.00 0208.00 0191.00 0174.00 0157.00 0140.00 0123.00 0106.00 0093.00 0080.00 0067.00 0056.00 0048.00 0040.00 0036.00 0038.00 0043.00 0052.00 0062.00 0072.00 0085.00 0098.00 0111.00 0124.00 0139.00 0156.00 0173.00 0190.00 0207.00 0224.00 0241.00 0258.00 0275.00 0292.00 0309.00 0326.00 
1023.00 1004.00 0985.00 0966.00 0947.00 0928.00 0909.00 0890.00 0871.00 0852.00 0833.00 0814.00 0795.00 0776.00 0757.00 0738.00 0719.00 0700.00 0681.00 0662.00 0643.00 0624.00 0606.00 0588.00 0570.00 0552.00 0534.00 0516.00 0498.00 0480.00 0462.00 0444.00 0426.00 0408.00 0390.00 0372.00 0354.00 0336.00 0318.00 0300.00 0282.00 0265.00 0248.00 0231.00 0214.00 0197.00 0180.00 0163.00 0146.00 0129.00 0112.00 0097.00 0084.00 0071.00 0058.00 0049.00 0041.00 0034.00 0034.00 0039.00 0046.00 0056.00 0066.00 0078.00 0091.00 0104.00 0117.00 0131.00 0148.00 0165.00 0182.00 0199.00 0216.00 0233.00 0250.00 0267.00 0284.00 0301.00 0318.00 0335.00 
1012.00 0993.00 0974.00 0955.00 0936.00 0917.00 0898.00 0879.00 0860.00 0841.00 0822.00 0803.00 0784.00 0765.00 0746.00 0727.00 0708.00 0689.00 0670.00 0651.00 0632.00 0613.00 0595.00 0577.00 0559.00 0541.00 0523.00 0505.00 0487.00 0469.00 0451.00 0433.00 0415.00 0397.00 0379.00 0361.00 0343.00 0325.00 0307.00 0289.00 0271.00 0254.00 0237.00 0220.00 0203.00 0186.00 0169.00 0152.00 0135.00 0118.00 0101.00 0088.00 0075.00 0062.00 0050.00 0042.00 0034.00 0031.00 0035.00 0040.00 0050.00 0060.00 0071.00 0084.00 0097.00 0110.00 0123.00 0140.00 0157.00 0174.00 0191.00 0208.00 0225.00 0242.00 0259.00 0276.00 0293.00 0310.00 0327.00 0344.00 
1001.00 0982.00 0963.00 0944.00 0925.00 0906.00 0887.00 0868.00 0849.00 0830.00 0811.00 0792.00 0773.00 0754.00 0735.00 0716.00 0697.00 0678.00 0659.00 0640.00 0621.00 0602.00 0584.00 0566.00 0548.00 0530.00 0512.00 0494.00 0476.00 0458.00 0440.00 0422.00 0404.00 0386.00 0368.00 0350.00 0332.00 0314.00 0296.00 0278.00 0260.00 0243.00 0226.00 0209.00 0192.00 0175.00 0158.00 0141.00 0124.00 0107.00 0092.00 0079.00 0066.00 0053.00 0043.00 0035.00 0029.00 0031.00 0036.00 0044.00 0054.00 0064.00 0077.00 0090.00 0103.00 0116.00 0132.00 0149.00 0166.00 0183.00 0200.00 0217.00 0234.00 0251.00 0268.00 0285.00 0302.00 0319.00 0336.00 0353.00 
0990.00 0971.00 0952.00 0933.00 0914.00 0895.00 0876.00 0857.00 0838.00 0819.00 0800.00 0781.00 0762.00 0743.00 0724.00 0705.00 0686.00 0667.00 0648.00 0629.00 0610.00 0591.00 0573.00 0555.00 0537.00 0519.00 0501.00 0483.00 0465.00 0447.00 0429.00 0411.00 0393.00 0375.00 0357.00 0339.00 0321.00 0303.00 0285.00 0267.00 0249.00 0232.00 0215.00 0198.00 0181.00 0164.00 0147.00 0130.00 0113.00 0096.00 0083.00 0070.00 0057.00 0044.00 0036.00 0028.00 0027.00 0032.00 0038.00 0048.00 0058.00 0070.00 0083.00 0096.00 0109.00 0124.00 0141.00 0158.00 0175.00 0192.00 0209.00 0226.00 0243.00 0260.00 0277.00 0294.00 0311.00 0328.00 0345.00 0362.00 
0979.00 0960.00 0941.00 0922.00 0903.00 0884.00 0865.00 0846.00 0827.00 0808.00 0789.00 0770.00 0751.00 0732.00 0713.00 0694.00 0675.00 0656.00 0637.00 0618.00 0599.00 0580.00 0562.00 0544.00 0526.00 0508.00 0490.00 0472.00 0454.00 0436.00 0418.00 0400.00 0382.00 0364.00 0346.00 0328.00 0310.00 0292.00 0274.00 0256.00 0238.00 0221.00 0204.00 0187.00 0170.00 0153.00 0136.00 0119.00 0102.00 0087.00 0074.00 0061.00 0048.00 0037.00 0029.00 0024.00 0028.00 0033.00 0042.00 0052.00 0063.00 0076.00 0089.00 0102.00 0116.00 0133.00 0150.00 0167.00 0184.00 0201.00 0218.00 0235.00 0252.00 0269.00 0286.00 0303.00 0320.00 0337.00 0354.00 0371.00 
0968.00 0949.00 0930.00 0911.00 0892.00 0873.00 0854.00 0835.00 0816.00 0797.00 0778.00 0759.00 0740.00 0721.00 0702.00 0683.00 0664.00 0645.00 0626.00 0607.00 0588.00 0569.00 0551.00 0533.00 0515.00 0497.00 0479.00 0461.00 0443.00 0425.00 0407.00 0389.00 0371.00 0353.00 0335.00 0317.00 0299.00 0281.00 0263.00 0245.00 0227.00 0210.00 0193.00 0176.00 0159.00 0142.00 0125.00 0108.00 0091.00 0078.00 0065.00 0052.00 0039.00 0030.00 0022.00 0024.00 0029.00 0036.00 0046.00 0056.00 0069.00 0082.00 0095.00 0108.00 0125.00 0142.00 0159.00 0176.00 0193.00 0210.00 0227.00 0244.00 0261.00 0278.00 0295.00 0312.00 0329.00 0346.00 0363.00 0380.00 
0957.00 0938.00 0919.00 0900.00 0881.00 0862.00 0843.00 0824.00 0805.00 0786.00 0767.00 0748.00 0729.00 0710.00 0691.00 0672.00 0653.00 0634.00 0615.00 0596.00 0577.00 0558.00 0540.00 0522.00 0504.00 0486.00 0468.00 0450.00 0432.00 0414.00 0396.00 0378.00 0360.00 0342.00 0324.00 0306.00 0288.00 0270.00 0252.00 0234.00 0216.00 0199.00 0182.00 0165.00 0148.00 0131.00 0114.00 0097.00 0082.00 0069.00 0056.00 0043.00 0031.00 0023.00 0020.00 0025.00 0030.00 0040.00 0050.00 0062.00 0075.00 0088.00 0101.00 0117.00 0134.00 0151.00 0168.00 0185.00 0202.00 0219.00 0236.00 0253.00 0270.00 0287.00 0304.00 0321.00 0338.00 0355.00 0372.00 0389.00 
0946.00 0927.00 0908.00 0889.00 0870.00 0851.00 0832.00 0813.00 0794.00 0775.00 0756.00 0737.00 0718.00 0699.00 0680.00 0661.00 0642.00 0623.00 0604.00 0585.00 0566.00 0547.00 0529.00 0511.00 0493.00 0475.00 0457.00 0439.00 0421.00 0403.00 0385.00 0367.00 0349.00 0331.00 0313.00 0295.00 0277.00 0259.00 0241.00 0223.00 0205.00 0188.00 0171.00 0154.00 0137.00 0120.00 0103.00 0086.00 0073.00 0060.00 0047.00 0034.00 0024.00 0017.00 0021.00 0026.00 0034.00 0044.00 0055.00 0068.00 0081.00 0094.00 0109.00 0126.00 0143.00 0160.00 0177.00 0194.00 0211.00 0228.00 0245.00 0262.00 0279.00 0296.00 0313.00 0330.00 0347.00 0364.00 0381.00 0398.00 
0935.00 0916.00 0897.00 0878.00 0859.00 0840.00 0821.00 0802.00 0783.00 0764.00 0745.00 0726.00 0707.00 0688.00 0669.00 0650.00 0631.00 0612.00 0593.00 0574.00 0555.00 0536.00 0518.00 0500.00 0482.00 0464.00 0446.00 0428.00 0410.00 0392.00 0374.00 0356.00 0338.00 0320.00 0302.00 0284.00 0266.00 0248.00 0230.00 0212.00 0194.00 0177.00 0160.00 0143.00 0126.00 0109.00 0092.00 0077.00 0064.00 0051.00 0038.00 0025.00 0017.00 0017.00 0022.00 0028.00 0038.00 0048.00 0061.00 0074.00 0087.00 0101.00 0118.00 0135.00 0152.00 0169.00 0186.00 0203.00 0220.00 0237.00 0254.00 0271.00 0288.00 0305.00 0322.00 0339.00 0356.00 0373.00 0390.00 0407.00 
0924.00 0905.00 0886.00 0867.00 0848.00 0829.00 0810.00 0791.00 0772.00 0753.00 0734.00 0715.00 0696.00 0677.00 0658.00 0639.00 0620.00 0601.00 0582.00 0563.00 0544.00 0525.00 0507.00 0489.00 0471.00 0453.00 0435.00 0417.00 0399.00 0381.00 0363.00 0345.00 0327.00 0309.00 0291.00 0273.00 0255.00 0237.00 0219.00 0201.00 0183.00 0166.00 0149.00 0132.00 0115.00 0098.00 0081.00 0068.00 0055.00 0042.00 0029.00 0018.00 0013.00 0018.00 0023.00 0032.00 0042.00 0054.00 0067.00 0080.00 0093.00 0110.00 0127.00 0144.00 0161.00 0178.00 0195.00 0212.00 0229.00 0246.00 0263.00 0280.00 0297.00 0314.00 0331.00 0348.00 0365.00 0382.00 0399.00 0416.00 
0913.00 0894.00 0875.00 0856.00 0837.00 0818.00 0799.00 0780.00 0761.00 0742.00 0723.00 0704.00 0685.00 0666.00 0647.00 0628.00 0609.00 0590.00 0571.00 0552.00 0533.00 0514.00 0496.00 0478.00 0460.00 0442.00 0424.00 0406.00 0388.00 0370.00 0352.00 0334.00 0316.00 0298.00 0280.00 0262.00 0244.00 0226.00 0208.00 0190.00 0172.00 0155.00 0138.00 0121.00 0104.00 0087.00 0072.00 0059.00 0046.00 0033.00 0020.00 0011.00 0014.00 0019.00 0026.00 0036.00 0047.00 0060.00 0073.00 0086.00 0102.00 0119.00 0136.00 0153.00 0170.00 0187.00 0204.00 0221.00 0238.00 0255.00 0272.00 0289.00 0306.00 0323.00 0340.00 0357.00 0374.00 0391.00 0408.00 0425.00 
0902.00 0883.00 0864.00 0845.00 0826.00 0807.00 0788.00 0769.00 0750.00 0731.00 0712.00 0693.00 0674.00 0655.00 0636.00 0617.00 0598.00 0579.00 0560.00 0541.00 0522.00 0503.00 0485.00 0467.00 0449.00 0431.00 0413.00 0395.00 0377.00 0359.00 0341.00 0323.00 0305.00 0287.00 0269.00 0251.00 0233.00 0215.00 0197.00 0179.00 0161.00 0144.00 0127.00 0110.00 0093.00 0076.00 0063.00 0050.00 0037.00 0024.00 0012.00 0010.00 0015.00 0020.00 0030.00 0040.00 0053.00 0066.00 0079.00 0094.00 0111.00 0128.00 0145.00 0162.00 0179.00 0196.00 0213.00 0230.00 0247.00 0264.00 0281.00 0298.00 0315.00 0332.00 0349.00 0366.00 0383.00 0400.00 0417.00 0434.00 
0891.00 0872.00 0853.00 0834.00 0815.00 0796.00 0777.00 0758.00 0739.00 0720.00 0701.00 0682.00 0663.00 0644.00 0625.00 0606.00 0587.00 0568.00 0549.00 0530.00 0511.00 0492.00 0474.00 0456.00 0438.00 0420.00 0402.00 0384.00 0366.00 0348.00 0330.00 0312.00 0294.00 0276.00 0258.00 0240.00 0222.00 0204.00 0186.00 0168.00 0150.00 0133.00 0116.00 0099.00 0082.00 0067.00 0054.00 0041.00 0028.00 0015.00 0006.00 0011.00 0016.00 0024.00 0034.00 0046.00 0059.00 0072.00 0086.00 0103.00 0120.00 0137.00 0154.00 0171.00 0188.00 0205.00 0222.00 0239.00 0256.00 0273.00 0290.00 0307.00 0324.00 0341.00 0358.00 0375.00 0392.00 0409.00 0426.00 0443.00 
0880.00 0861.00 0842.00 0823.00 0804.00 0785.00 0766.00 0747.00 0728.00 0709.00 0690.00 0671.00 0652.00 0633.00 0614.00 0595.00 0576.00 0557.00 0538.00 0519.00 0500.00 0481.00 0463.00 0445.00 0427.00 0409.00 0391.00 0373.00 0355.00 0337.00 0319.00 0301.00 0283.00 0265.00 0247.00 0229.00 0211.00 0193.00 0175.00 0157.00 0139.00 0122.00 0105.00 0088.00 0071.00 0058.00 0045.00 0032.00 0019.00 0006.00 0007.00 0012.00 0018.00 0028.00 0039.00 0052.00 0065.00 0078.00 0095.00 0112.00 0129.00 0146.00 0163.00 0180.00 0197.00 0214.00 0231.00 0248.00 0265.00 0282.00 0299.00 0316.00 0333.00 0350.00 0367.00 0384.00 0401.00 0418.00 0435.00 0452.00 
0869.00 0850.00 0831.00 0812.00 0793.00 0774.00 0755.00 0736.00 0717.00 0698.00 0679.00 0660.00 0641.00 0622.00 0603.00 0584.00 0565.00 0546.00 0527.00 0508.00 0489.00 0470.00 0452.00 0434.00 0416.00 0398.00 0380.00 0362.00 0344.00 0326.00 0308.00 0290.00 0272.00 0254.00 0236.00 0218.00 0200.00 0182.00 0164.00 0146.00 0128.00 0111.00 0094.00 0077.00 0062.00 0049.00 0036.00 0023.00 0010.00 0003.00 0008.00 0013.00 0022.00 0032.00 0045.00 0058.00 0071.00 0087.00 0104.00 0121.00 0138.00 0155.00 0172.00 0189.00 0206.00 0223.00 0240.00 0257.00 0274.00 0291.00 0308.00 0325.00 0342.00 0359.00 0376.00 0393.00 0410.00 0427.00 0444.00 0461.00 
0858.00 0839.00 0820.00 0801.00 0782.00 0763.00 0744.00 0725.00 0706.00 0687.00 0668.00 0649.00 0630.00 0611.00 0592.00 0573.00 0554.00 0535.00 0516.00 0497.00 0478.00 0459.00 0441.00 0423.00 0405.00 0387.00 0369.00 0351.00 0333.00 0315.00 0297.00 0279.00 0261.00 0243.00 0225.00 0207.00 0189.00 0171.00 0153.00 0135.00 0117.00 0100.00 0083.00 0066.00 0053.00 0040.00 0027.00 0014.00 0002.00 0004.00 0009.00 0016.00 0026.00 0038.00 0051.00 0064.00 0079.00 0096.00 0113.00 0130.00 0147.00 0164.00 0181.00 0198.00 0215.00 0232.00 0249.00 0266.00 0283.00 0300.00 0317.00 0334.00 0351.00 0368.00 0385.00 0402.00 0419.00 0436.00 0453.00 0470.00 
0848.00 0829.00 0810.00 0791.00 0772.00 0753.00 0734.00 0715.00 0696.00 0677.00 0658.00 0639.00 0620.00 0601.00 0582.00 0563.00 0544.00 0525.00 0506.00 0487.00 0468.00 0449.00 0431.00 0413.00 0395.00 0377.00 0359.00 0341.00 0323.00 0305.00 0287.00 0269.00 0251.00 0233.00 0215.00 0197.00 0179.00 0161.00 0143.00 0125.00 0107.00 0090.00 0073.00 0058.00 0045.00 0032.00 0019.00 0006.00 0001.00 0006.00 0011.00 0021.00 0032.00 0045.00 0058.00 0072.00 0089.00 0106.00 0123.00 0140.00 0157.00 0174.00 0191.00 0208.00 0225.00 0242.00 0259.00 0276.00 0293.00 0310.00 0327.00 0344.00 0361.00 0378.00 0395.00 0412.00 0429.00 0446.00 0463.00 0480.00 
0838.00 0819.00 0800.00 0781.00 0762.00 0743.00 0724.00 0705.00 0686.00 0667.00 0648.00 0629.00 0610.00 0591.00 0572.00 0553.00 0534.00 0515.00 0496.00 0477.00 0458.00 0439.00 0421.00 0403.00 0385.00 0367.00 0349.00 0331.00 0313.00 0295.00 0277.00 0259.00 0241.00 0223.00 0205.00 0187.00 0169.00 0151.00 0133.00 0115.00 0097.00 0080.00 0063.00 0050.00 0037.00 0024.00 0011.00 0001.00 0003.00 0008.00 0016.00 0026.00 0039.00 0052.00 0065.00 0082.00 0099.00 0116.00 0133.00 0150.00 0167.00 0184.00 0201.00 0218.00 0235.00 0252.00 0269.00 0286.00 0303.00 0320.00 0337.00 0354.00 0371.00 0388.00 0405.00 0422.00 0439.00 0456.00 0473.00 0490.00 
0828.00 0809.00 0790.00 0771.00 0752.00 0733.00 0714.00 0695.00 0676.00 0657.00 0638.00 0619.00 0600.00 0581.00 0562.00 0543.00 0524.00 0505.00 0486.00 0467.00 0448.00 0429.00 0411.00 0393.00 0375.00 0357.00 0339.00 0321.00 0303.00 0285.00 0267.00 0249.00 0231.00 0213.00 0195.00 0177.00 0159.00 0141.00 0123.00 0105.00 0087.00 0070.00 0055.00 0042.00 0029.00 0016.00 0004.00 0000.00 0005.00 0011.00 0021.00 0033.00 0046.00 0059.00 0075.00 0092.00 0109.00 0126.00 0143.00 0160.00 0177.00 0194.00 0211.00 0228.00 0245.00 0262.00 0279.00 0296.00 0313.00 0330.00 0347.00 0364.00 0381.00 0398.00 0415.00 0432.00 0449.00 0466.00 0483.00 0500.00 
0818.00 0799.00 0780.00 0761.00 0742.00 0723.00 0704.00 0685.00 0666.00 0647.00 0628.00 0609.00 0590.00 0571.00 0552.00 0533.00 0514.00 0495.00 0476.00 0457.00 0438.00 0419.00 0401.00 0383.00 0365.00 0347.00 0329.00 0311.00 0293.00 0275.00 0257.00 0239.00 0221.00 0203.00 0185.00 0167.00 0149.00 0131.00 0113.00 0095.00 0077.00 0060.00 0047.00 0034.00 0021.00 0008.00 0000.00 0002.00 0007.00 0016.00 0027.00 0040.00 0053.00 0068.00 0085.00 0102.00 0119.00 0136.00 0153.00 0170.00 0187.00 0204.00 0221.00 0238.00 0255.00 0272.00 0289.00 0306.00 0323.00 0340.00 0357.00 0374.00 0391.00 0408.00 0425.00 0442.00 0459.00 0476.00 0493.00 0510.00 
0808.00 0789.00 0770.00 0751.00 0732.00 0713.00 0694.00 0675.00 0656.00 0637.00 0618.00 0599.00 0580.00 0561.00 0542.00 0523.00 0504.00 0485.00 0466.00 0447.00 0428.00 0409.00 0391.00 0373.00 0355.00 0337.00 0319.00 0301.00 0283.00 0265.00 0247.00 0229.00 0211.00 0193.00 0175.00 0157.00 0139.00 0121.00 0103.00 0085.00 0067.00 0052.00 0039.00 0026.00 0013.00 0003.00 0000.00 0004.00 0011.00 0021.00 0034.00 0047.00 0061.00 0078.00 0095.00 0112.00 0129.00 0146.00 0163.00 0180.00 0197.00 0214.00 0231.00 0248.00 0265.00 0282.00 0299.00 0316.00 0333.00 0350.00 0367.00 0384.00 0401.00 0418.00 0435.00 0452.00 0469.00 0486.00 0503.00 0520.00 
0798.00 0779.00 0760.00 0741.00 0722.00 0703.00 0684.00 0665.00 0646.00 0627.00 0608.00 0589.00 0570.00 0551.00 0532.00 0513.00 0494.00 0475.00 0456.00 0437.00 0418.00 0399.00 0381.00 0363.00 0345.00 0327.00 0309.00 0291.00 0273.00 0255.00 0237.00 0219.00 0201.00 0183.00 0165.00 0147.00 0129.00 0111.00 0093.00 0075.00 0057.00 0044.00 0031.00 0018.00 0006.00 0000.00 0001.00 0006.00 0016.00 0028.00 0041.00 0054.00 0071.00 0088.00 0105.00 0122.00 0139.00 0156.00 0173.00 0190.00 0207.00 0224.00 0241.00 0258.00 0275.00 0292.00 0309.00 0326.00 0343.00 0360.00 0377.00 0394.00 0411.00 0428.00 0445.00 0462.00 0479.00 0496.00 0513.00 0530.00 
0788.00 0769.00 0750.00 0731.00 0712.00 0693.00 0674.00 0655.00 0636.00 0617.00 0598.00 0579.00 0560.00 0541.00 0522.00 0503.00 0484.00 0465.00 0446.00 0427.00 0408.00 0389.00 0371.00 0353.00 0335.00 0317.00 0299.00 0281.00 0263.00 0245.00 0227.00 0209.00 0191.00 0173.00 0155.00 0137.00 0119.00 0101.00 0083.00 0065.00 0049.00 0036.00 0023.00 0010.00 0002.00 0000.00 0003.00 0011.00 0022.00 0035.00 0048.00 0064.00 0081.00 0098.00 0115.00 0132.00 0149.00 0166.00 0183.00 0200.00 0217.00 0234.00 0251.00 0268.00 0285.00 0302.00 0319.00 0336.00 0353.00 0370.00 0387.00 0404.00 0421.00 0438.00 0455.00 0472.00 0489.00 0506.00 0523.00 0540.00 
0778.00 0759.00 0740.00 0721.00 0702.00 0683.00 0664.00 0645.00 0626.00 0607.00 0588.00 0569.00 0550.00 0531.00 0512.00 0493.00 0474.00 0455.00 0436.00 0417.00 0398.00 0379.00 0361.00 0343.00 0325.00 0307.00 0289.00 0271.00 0253.00 0235.00 0217.00 0199.00 0181.00 0163.00 0145.00 0127.00 0109.00 0091.00 0073.00 0055.00 0041.00 0028.00 0015.00 0005.00 0000.00 0000.00 0006.00 0016.00 0029.00 0042.00 0057.00 0074.00 0091.00 0108.00 0125.00 0142.00 0159.00 0176.00 0193.00 0210.00 0227.00 0244.00 0261.00 0278.00 0295.00 0312.00 0329.00 0346.00 0363.00 0380.00 0397.00 0414.00 0431.00 0448.00 0465.00 0482.00 0499.00 0516.00 0533.00 0550.00 
0768.00 0749.00 0730.00 0711.00 0692.00 0673.00 0654.00 0635.00 0616.00 0597.00 0578.00 0559.00 0540.00 0521.00 0502.00 0483.00 0464.00 0445.00 0426.00 0407.00 0388.00 0369.00 0351.00 0333.00 0315.00 0297.00 0279.00 0261.00 0243.00 0225.00 0207.00 0189.00 0171.00 0153.00 0135.00 0117.00 0099.00 0081.00 0063.00 0047.00 0033.00 0020.00 0008.00 0001.00 0000.00 0002.00 0011.00 0023.00 0036.00 0050.00 0067.00 0084.00 0101.00 0118.00 0135.00 0152.00 0169.00 0186.00 0203.00 0220.00 0237.00 0254.00 0271.00 0288.00 0305.00 0322.00 0339.00 0356.00 0373.00 0390.00 0407.00 0424.00 0441.00 0458.00 0475.00 0492.00 0509.00 0526.00 0543.00 0560.00 
0758.00 0739.00 0720.00 0701.00 0682.00 0663.00 0644.00 0625.00 0606.00 0587.00 0568.00 0549.00 0530.00 0511.00 0492.00 0473.00 0454.00 0435.00 0416.00 0397.00 0378.00 0359.00 0341.00 0323.00 0305.00 0287.00 0269.00 0251.00 0233.00 0215.00 0197.00 0179.00 0161.00 0143.00 0125.00 0107.00 0089.00 0071.00 0053.00 0039.00 0025.00 0012.00 0004.00 0000.00 0000.00 0006.00 0017.00 0030.00 0043.00 0060.00 0077.00 0094.00 0111.00 0128.00 0145.00 0162.00 0179.00 0196.00 0213.00 0230.00 0247.00 0264.00 0281.00 0298.00 0315.00 0332.00 0349.00 0366.00 0383.00 0400.00 0417.00 0434.00 0451.00 0468.00 0485.00 0502.00 0519.00 0536.00 0553.00 0570.00 
0748.00 0729.00 0710.00 0691.00 0672.00 0653.00 0634.00 0615.00 0596.00 0577.00 0558.00 0539.00 0520.00 0501.00 0482.00 0463.00 0444.00 0425.00 0406.00 0387.00 0368.00 0349.00 0331.00 0313.00 0295.00 0277.00 0259.00 0241.00 0223.00 0205.00 0187.00 0169.00 0151.00 0133.00 0115.00 0097.00 0079.00 0061.00 0045.00 0031.00 0017.00 0007.00 0000.00 0000.00 0001.00 0011.00 0024.00 0037.00 0053.00 0070.00 0087.00 0104.00 0121.00 0138.00 0155.00 0172.00 0189.00 0206.00 0223.00 0240.00 0257.00 0274.00 0291.00 0308.00 0325.00 0342.00 0359.00 0376.00 0393.00 0410.00 0427.00 0444.00 0461.00 0478.00 0495.00 0512.00 0529.00 0546.00 0563.00 0580.00 
0738.00 0719.00 0700.00 0681.00 0662.00 0643.00 0624.00 0605.00 0586.00 0567.00 0548.00 0529.00 0510.00 0491.00 0472.00 0453.00 0434.00 0415.00 0396.00 0377.00 0358.00 0339.00 0321.00 0303.00 0285.00 0267.00 0249.00 0231.00 0213.00 0195.00 0177.00 0159.00 0141.00 0123.00 0105.00 0087.00 0069.00 0051.00 0037.00 0023.00 0010.00 0003.00 0000.00 0000.00 0006.00 0018.00 0031.00 0046.00 0063.00 0080.00 0097.00 0114.00 0131.00 0148.00 0165.00 0182.00 0199.00 0216.00 0233.00 0250.00 0267.00 0284.00 0301.00 0318.00 0335.00 0352.00 0369.00 0386.00 0403.00 0420.00 0437.00 0454.00 0471.00 0488.00 0505.00 0522.00 0539.00 0556.00 0573.00 0590.00 
0728.00 0709.00 0690.00 0671.00 0652.00 0633.00 0614.00 0595.00 0576.00 0557.00 0538.00 0519.00 0500.00 0481.00 0462.00 0443.00 0424.00 0405.00 0386.00 0367.00 0348.00 0329.00 0311.00 0293.00 0275.00 0257.00 0239.00 0221.00 0203.00 0185.00 0167.00 0149.00 0131.00 0113.00 0095.00 0077.00 0059.00 0043.00 0029.00 0015.00 0006.00 0000.00 0000.00 0001.00 0012.00 0025.00 0039.00 0056.00 0073.00 0090.00 0107.00 0124.00 0141.00 0158.00 0175.00 0192.00 0209.00 0226.00 0243.00 0260.00 0277.00 0294.00 0311.00 0328.00 0345.00 0362.00 0379.00 0396.00 0413.00 0430.00 0447.00 0464.00 0481.00 0498.00 0515.00 0532.00 0549.00 0566.00 0583.00 0600.00 
0718.00 0699.00 0680.00 0661.00 0642.00 0623.00 0604.00 0585.00 0566.00 0547.00 0528.00 0509.00 0490.00 0471.00 0452.00 0433.00 0414.00 0395.00 0376.00 0357.00 0338.00 0319.00 0301.00 0283.00 0265.00 0247.00 0229.00 0211.00 0193.00 0175.00 0157.00 0139.00 0121.00 0103.00 0085.00 0067.00 0049.00 0035.00 0021.00 0010.00 0002.00 0000.00 0000.00 0006.00 0019.00 0032.00 0049.00 0066.00 0083.00 0100.00 0117.00 0134.00 0151.00 0168.00 0185.00 0202.00 0219.00 0236.00 0253.00 0270.00 0287.00 0304.00 0321.00 0338.00 0355.00 0372.00 0389.00 0406.00 0423.00 0440.00 0457.00 0474.00 0491.00 0508.00 0525.00 0542.00 0559.00 0576.00 0593.00 0610.00 
0708.00 0689.00 0670.00 0651.00 0632.00 0613.00 0594.00 0575.00 0556.00 0537.00 0518.00 0499.00 0480.00 0461.00 0442.00 0423.00 0404.00 0385.00 0366.00 0347.00 0328.00 0309.00 0291.00 0273.00 0255.00 0237.00 0219.00 0201.00 0183.00 0165.00 0147.00 0129.00 0111.00 0093.00 0075.00 0057.00 0041.00 0027.00 0014.00 0006.00 0000.00 0000.00 0002.00 0013.00 0026.00 0042.00 0059.00 0076.00 0093.00 0110.00 0127.00 0144.00 0161.00 0178.00 0195.00 0212.00 0229.00 0246.00 0263.00 0280.00 0297.00 0314.00 0331.00 0348.00 0365.00 0382.00 0399.00 0416.00 0433.00 0450.00 0467.00 0484.00 0501.00 0518.00 0535.00 0552.00 0569.00 0586.00 0603.00 0620.00 
0698.00 0679.00 0660.00 0641.00 0622.00 0603.00 0584.00 0565.00 0546.00 0527.00 0508.00 0489.00 0470.00 0451.00 0432.00 0413.00 0394.00 0375.00 0356.00 0337.00 0318.00 0299.00 0281.00 0263.00 0245.00 0227.00 0209.00 0191.00 0173.00 0155.00 0137.00 0119.00 0101.00 0083.00 0065.00 0047.00 0033.00 0019.00 0010.00 0002.00 0000.00 0000.00 0007.00 0020.00 0035.00 0052.00 0069.00 0086.00 0103.00 0120.00 0137.00 0154.00 0171.00 0188.00 0205.00 0222.00 0239.00 0256.00 0273.00 0290.00 0307.00 0324.00 0341.00 0358.00 0375.00 0392.00 0409.00 0426.00 0443.00 0460.00 0477.00 0494.00 0511.00 0528.00 0545.00 0562.00 0579.00 0596.00 0613.00 0630.00 
0688.00 0669.00 0650.00 0631.00 0612.00 0593.00 0574.00 0555.00 0536.00 0517.00 0498.00 0479.00 0460.00 0441.00 0422.00 0403.00 0384.00 0365.00 0346.00 0327.00 0308.00 0289.00 0271.00 0253.00 0235.00 0217.00 0199.00 0181.00 0163.00 0145.00 0127.00 0109.00 0091.00 0073.00 0055.00 0039.00 0025.00 0014.00 0006.00 0001.00 0000.00 0003.00 0014.00 0028.00 0045.00 0062.00 0079.00 0096.00 0113.00 0130.00 0147.00 0164.00 0181.00 0198.00 0215.00 0232.00 0249.00 0266.00 0283.00 0300.00 0317.00 0334.00 0351.00 0368.00 0385.00 0402.00 0419.00 0436.00 0453.00 0470.00 0487.00 0504.00 0521.00 0538.00 0555.00 0572.00 0589.00 0606.00 0623.00 0640.00 
0678.00 0659.00 0640.00 0621.00 0602.00 0583.00 0564.00 0545.00 0526.00 0507.00 0488.00 0469.00 0450.00 0431.00 0412.00 0393.00 0374.00 0355.00 0336.00 0317.00 0298.00 0279.00 0261.00 0243.00 0225.00 0207.00 0189.00 0171.00 0153.00 0135.00 0117.00 0099.00 0081.00 0063.00 0045.00 0031.00 0018.00 0010.00 0002.00 0001.00 0001.00 0008.00 0021.00 0038.00 0055.00 0072.00 0089.00 0106.00 0123.00 0140.00 0157.00 0174.00 0191.00 0208.00 0225.00 0242.00 0259.00 0276.00 0293.00 0310.00 0327.00 0344.00 0361.00 0378.00 0395.00 0412.00 0429.00 0446.00 0463.00 0480.00 0497.00 0514.00 0531.00 0548.00 0565.00 0582.00 0599.00 0616.00 0633.00 0650.00 
0668.00 0649.00 0630.00 0611.00 0592.00 0573.00 0554.00 0535.00 0516.00 0497.00 0478.00 0459.00 0440.00 0421.00 0402.00 0383.00 0364.00 0345.00 0326.00 0307.00 0288.00 0269.00 0251.00 0233.00 0215.00 0197.00 0179.00 0161.00 0143.00 0125.00 0107.00 0089.00 0071.00 0053.00 0037.00 0023.00 0014.00 0006.00 0002.00 0001.00 0005.00 0015.00 0031.00 0048.00 0065.00 0082.00 0099.00 0116.00 0133.00 0150.00 0167.00 0184.00 0201.00 0218.00 0235.00 0252.00 0269.00 0286.00 0303.00 0320.00 0337.00 0354.00 0371.00 0388.00 0405.00 0422.00 0439.00 0456.00 0473.00 0490.00 0507.00 0524.00 0541.00 0558.00 0575.00 0592.00 0609.00 0626.00 0643.00 0660.00 
0658.00 0639.00 0620.00 0601.00 0582.00 0563.00 0544.00 0525.00 0506.00 0487.00 0468.00 0449.00 0430.00 0411.00 0392.00 0373.00 0354.00 0335.00 0316.00 0297.00 0278.00 0259.00 0241.00 0223.00 0205.00 0187.00 0169.00 0151.00 0133.00 0115.00 0097.00 0079.00 0061.00 0043.00 0029.00 0018.00 0010.00 0003.00 0002.00 0003.00 0010.00 0024.00 0041.00 0058.00 0075.00 0092.00 0109.00 0126.00 0143.00 0160.00 0177.00 0194.00 0211.00 0228.00 0245.00 0262.00 0279.00 0296.00 0313.00 0330.00 0347.00 0364.00 0381.00 0398.00 0415.00 0432.00 0449.00 0466.00 0483.00 0500.00 0517.00 0534.00 0551.00 0568.00 0585.00 0602.00 0619.00 0636.00 0653.00 0670.00 
0648.00 0629.00 0610.00 0591.00 0572.00 0553.00 0534.00 0515.00 0496.00 0477.00 0458.00 0439.00 0420.00 0401.00 0382.00 0363.00 0344.00 0325.00 0306.00 0287.00 0268.00 0249.00 0231.00 0213.00 0195.00 0177.00 0159.00 0141.00 0123.00 0105.00 0087.00 0069.00 0051.00 0035.00 0022.00 0014.00 0006.00 0003.00 0002.00 0008.00 0017.00 0034.00 0051.00 0068.00 0085.00 0102.00 0119.00 0136.00 0153.00 0170.00 0187.00 0204.00 0221.00 0238.00 0255.00 0272.00 0289.00 0306.00 0323.00 0340.00 0357.00 0374.00 0391.00 0408.00 0425.00 0442.00 0459.00 0476.00 0493.00 0510.00 0527.00 0544.00 0561.00 0578.00 0595.00 0612.00 0629.00 0646.00 0663.00 0680.00 
0638.00 0619.00 0600.00 0581.00 0562.00 0543.00 0524.00 0505.00 0486.00 0467.00 0448.00 0429.00 0410.00 0391.00 0372.00 0353.00 0334.00 0315.00 0296.00 0277.00 0258.00 0239.00 0221.00 0203.00 0185.00 0167.00 0149.00 0131.00 0113.00 0095.00 0077.00 0059.00 0041.00 0027.00 0018.00 0010.00 0004.00 0003.00 0006.00 0013.00 0027.00 0044.00 0061.00 0078.00 0095.00 0112.00 0129.00 0146.00 0163.00 0180.00 0197.00 0214.00 0231.00 0248.00 0265.00 0282.00 0299.00 0316.00 0333.00 0350.00 0367.00 0384.00 0401.00 0418.00 0435.00 0452.00 0469.00 0486.00 0503.00 0520.00 0537.00 0554.00 0571.00 0588.00 0605.00 0622.00 0639.00 0656.00 0673.00 0690.00 
0628.00 0609.00 0590.00 0571.00 0552.00 0533.00 0514.00 0495.00 0476.00 0457.00 0438.00 0419.00 0400.00 0381.00 0362.00 0343.00 0324.00 0305.00 0286.00 0267.00 0248.00 0229.00 0211.00 0193.00 0175.00 0157.00 0139.00 0121.00 0103.00 0085.00 0067.00 0049.00 0033.00 0022.00 0014.00 0006.00 0004.00 0004.00 0011.00 0021.00 0037.00 0054.00 0071.00 0088.00 0105.00 0122.00 0139.00 0156.00 0173.00 0190.00 0207.00 0224.00 0241.00 0258.00 0275.00 0292.00 0309.00 0326.00 0343.00 0360.00 0377.00 0394.00 0411.00 0428.00 0445.00 0462.00 0479.00 0496.00 0513.00 0530.00 0547.00 0564.00 0581.00 0598.00 0615.00 0632.00 0649.00 0666.00 0683.00 0700.00 
0618.00 0599.00 0580.00 0561.00 0542.00 0523.00 0504.00 0485.00 0466.00 0447.00 0428.00 0409.00 0390.00 0371.00 0352.00 0333.00 0314.00 0295.00 0276.00 0257.00 0238.00 0219.00 0201.00 0183.00 0165.00 0147.00 0129.00 0111.00 0093.00 0075.00 0057.00 0039.00 0026.00 0018.00 0010.00 0005.00 0004.00 0009.00 0018.00 0031.00 0047.00 0064.00 0081.00 0098.00 0115.00 0132.00 0149.00 0166.00 0183.00 0200.00 0217.00 0234.00 0251.00 0268.00 0285.00 0302.00 0319.00 0336.00 0353.00 0370.00 0387.00 0404.00 0421.00 0438.00 0455.00 0472.00 0489.00 0506.00 0523.00 0540.00 0557.00 0574.00 0591.00 0608.00 0625.00 0642.00 0659.00 0676.00 0693.00 0710.00 
0608.00 0589.00 0570.00 0551.00 0532.00 0513.00 0494.00 0475.00 0456.00 0437.00 0418.00 0399.00 0380.00 0361.00 0342.00 0323.00 0304.00 0285.00 0266.00 0247.00 0228.00 0209.00 0191.00 0173.00 0155.00 0137.00 0119.00 0101.00 0083.00 0065.00 0047.00 0031.00 0022.00 0014.00 0006.00 0005.00 0007.00 0015.00 0026.00 0041.00 0057.00 0074.00 0091.00 0108.00 0125.00 0142.00 0159.00 0176.00 0193.00 0210.00 0227.00 0244.00 0261.00 0278.00 0295.00 0312.00 0329.00 0346.00 0363.00 0380.00 0397.00 0414.00 0431.00 0448.00 0465.00 0482.00 0499.00 0516.00 0533.00 0550.00 0567.00 0584.00 0601.00 0618.00 0635.00 0652.00 0669.00 0686.00 0703.00 0720.00 
0598.00 0579.00 0560.00 0541.00 0522.00 0503.00 0484.00 0465.00 0446.00 0427.00 0408.00 0389.00 0370.00 0351.00 0332.00 0313.00 0294.00 0275.00 0256.00 0237.00 0218.00 0199.00 0181.00 0163.00 0145.00 0127.00 0109.00 0091.00 0073.00 0055.00 0037.00 0026.00 0018.00 0010.00 0006.00 0005.00 0012.00 0023.00 0035.00 0051.00 0067.00 0084.00 0101.00 0118.00 0135.00 0152.00 0169.00 0186.00 0203.00 0220.00 0237.00 0254.00 0271.00 0288.00 0305.00 0322.00 0339.00 0356.00 0373.00 0390.00 0407.00 0424.00 0441.00 0458.00 0475.00 0492.00 0509.00 0526.00 0543.00 0560.00 0577.00 0594.00 0611.00 0628.00 0645.00 0662.00 0679.00 0696.00 0713.00 0730.00 
0588.00 0569.00 0550.00 0531.00 0512.00 0493.00 0474.00 0455.00 0436.00 0417.00 0398.00 0379.00 0360.00 0341.00 0322.00 0303.00 0284.00 0265.00 0246.00 0227.00 0208.00 0189.00 0171.00 0153.00 0135.00 0117.00 0099.00 0081.00 0063.00 0045.00 0030.00 0022.00 0014.00 0007.00 0006.00 0010.00 0020.00 0031.00 0045.00 0061.00 0077.00 0094.00 0111.00 0128.00 0145.00 0162.00 0179.00 0196.00 0213.00 0230.00 0247.00 0264.00 0281.00 0298.00 0315.00 0332.00 0349.00 0366.00 0383.00 0400.00 0417.00 0434.00 0451.00 0468.00 0485.00 0502.00 0519.00 0536.00 0553.00 0570.00 0587.00 0604.00 0621.00 0638.00 0655.00 0672.00 0689.00 0706.00 0723.00 0740.00 
0578.00 0559.00 0540.00 0521.00 0502.00 0483.00 0464.00 0445.00 0426.00 0407.00 0388.00 0369.00 0350.00 0331.00 0312.00 0293.00 0274.00 0255.00 0236.00 0217.00 0198.00 0179.00 0161.00 0143.00 0125.00 0107.00 0089.00 0071.00 0053.00 0035.00 0026.00 0018.00 0010.00 0007.00 0008.00 0017.00 0028.00 0039.00 0055.00 0071.00 0087.00 0104.00 0121.00 0138.00 0155.00 0172.00 0189.00 0206.00 0223.00 0240.00 0257.00 0274.00 0291.00 0308.00 0325.00 0342.00 0359.00 0376.00 0393.00 0410.00 0427.00 0444.00 0461.00 0478.00 0495.00 0512.00 0529.00 0546.00 0563.00 0580.00 0597.00 0614.00 0631.00 0648.00 0665.00 0682.00 0699.00 0716.00 0733.00 0750.00 
0568.00 0549.00 0530.00 0511.00 0492.00 0473.00 0454.00 0435.00 0416.00 0397.00 0378.00 0359.00 0340.00 0321.00 0302.00 0283.00 0264.00 0245.00 0226.00 0207.00 0188.00 0169.00 0151.00 0133.00 0115.00 0097.00 0079.00 0061.00 0043.00 0030.00 0022.00 0014.00 0008.00 0007.00 0014.00 0025.00 0036.00 0049.00 0065.00 0081.00 0097.00 0114.00 0131.00 0148.00 0165.00 0182.00 0199.00 0216.00 0233.00 0250.00 0267.00 0284.00 0301.00 0318.00 0335.00 0352.00 0369.00 0386.00 0403.00 0420.00 0437.00 0454.00 0471.00 0488.00 0505.00 0522.00 0539.00 0556.00 0573.00 0590.00 0607.00 0624.00 0641.00 0658.00 0675.00 0692.00 0709.00 0726.00 0743.00 0760.00 
0558.00 0539.00 0520.00 0501.00 0482.00 0463.00 0444.00 0425.00 0406.00 0387.00 0368.00 0349.00 0330.00 0311.00 0292.00 0273.00 0254.00 0235.00 0216.00 0197.00 0178.00 0159.00 0141.00 0123.00 0105.00 0087.00 0069.00 0051.00 0034.00 0026.00 0018.00 0010.00 0008.00 0011.00 0022.00 0033.00 0044.00 0059.00 0075.00 0091.00 0107.00 0124.00 0141.00 0158.00 0175.00 0192.00 0209.00 0226.00 0243.00 0260.00 0277.00 0294.00 0311.00 0328.00 0345.00 0362.00 0379.00 0396.00 0413.00 0430.00 0447.00 0464.00 0481.00 0498.00 0515.00 0532.00 0549.00 0566.00 0583.00 0600.00 0617.00 0634.00 0651.00 0668.00 0685.00 0702.00 0719.00 0736.00 0753.00 0770.00 
0548.00 0529.00 0510.00 0491.00 0472.00 0453.00 0434.00 0415.00 0396.00 0377.00 0358.00 0339.00 0320.00 0301.00 0282.00 0263.00 0244.00 0225.00 0206.00 0187.00 0168.00 0149.00 0131.00 0113.00 0095.00 0077.00 0059.00 0041.00 0030.00 0022.00 0014.00 0009.00 0009.00 0019.00 0030.00 0041.00 0053.00 0069.00 0085.00 0101.00 0117.00 0134.00 0151.00 0168.00 0185.00 0202.00 0219.00 0236.00 0253.00 0270.00 0287.00 0304.00 0321.00 0338.00 0355.00 0372.00 0389.00 0406.00 0423.00 0440.00 0457.00 0474.00 0491.00 0508.00 0525.00 0542.00 0559.00 0576.00 0593.00 0610.00 0627.00 0644.00 0661.00 0678.00 0695.00 0712.00 0729.00 0746.00 0763.00 0780.00 
0538.00 0519.00 0500.00 0481.00 0462.00 0443.00 0424.00 0405.00 0386.00 0367.00 0348.00 0329.00 0310.00 0291.00 0272.00 0253.00 0234.00 0215.00 0196.00 0177.00 0158.00 0139.00 0121.00 0103.00 0085.00 0067.00 0049.00 0034.00 0026.00 0018.00 0010.00 0009.00 0016.00 0027.00 0038.00 0049.00 0063.00 0079.00 0095.00 0111.00 0127.00 0144.00 0161.00 0178.00 0195.00 0212.00 0229.00 0246.00 0263.00 0280.00 0297.00 0314.00 0331.00 0348.00 0365.00 0382.00 0399.00 0416.00 0433.00 0450.00 0467.00 0484.00 0501.00 0518.00 0535.00 0552.00 0569.00 0586.00 0603.00 0620.00 0637.00 0654.00 0671.00 0688.00 0705.00 0722.00 0739.00 0756.00 0773.00 0790.00 
0528.00 0509.00 0490.00 0471.00 0452.00 0433.00 0414.00 0395.00 0376.00 0357.00 0338.00 0319.00 0300.00 0281.00 0262.00 0243.00 0224.00 0205.00 0186.00 0167.00 0148.00 0129.00 0111.00 0093.00 0075.00 0057.00 0040.00 0030.00 0022.00 0014.00 0010.00 0013.00 0024.00 0035.00 0046.00 0057.00 0073.00 0089.00 0105.00 0121.00 0137.00 0154.00 0171.00 0188.00 0205.00 0222.00 0239.00 0256.00 0273.00 0290.00 0307.00 0324.00 0341.00 0358.00 0375.00 0392.00 0409.00 0426.00 0443.00 0460.00 0477.00 0494.00 0511.00 0528.00 0545.00 0562.00 0579.00 0596.00 0613.00 0630.00 0647.00 0664.00 0681.00 0698.00 0715.00 0732.00 0749.00 0766.00 0783.00 0800.00 
0518.00 0499.00 0480.00 0461.00 0442.00 0423.00 0404.00 0385.00 0366.00 0347.00 0328.00 0309.00 0290.00 0271.00 0252.00 0233.00 0214.00 0195.00 0176.00 0157.00 0138.00 0119.00 0101.00 0083.00 0065.00 0047.00 0034.00 0026.00 0018.00 0011.00 0011.00 0021.00 0032.00 0043.00 0054.00 0067.00 0083.00 0099.00 0115.00 0131.00 0147.00 0164.00 0181.00 0198.00 0215.00 0232.00 0249.00 0266.00 0283.00 0300.00 0317.00 0334.00 0351.00 0368.00 0385.00 0402.00 0419.00 0436.00 0453.00 0470.00 0487.00 0504.00 0521.00 0538.00 0555.00 0572.00 0589.00 0606.00 0623.00 0640.00 0657.00 0674.00 0691.00 0708.00 0725.00 0742.00 0759.00 0776.00 0793.00 0810.00 
0508.00 0489.00 0470.00 0451.00 0432.00 0413.00 0394.00 0375.00 0356.00 0337.00 0318.00 0299.00 0280.00 0261.00 0242.00 0223.00 0204.00 0185.00 0166.00 0147.00 0128.00 0109.00 0091.00 0073.00 0055.00 0040.00 0030.00 0022.00 0014.00 0011.00 0018.00 0029.00 0040.00 0051.00 0062.00 0077.00 0093.00 0109.00 0125.00 0141.00 0157.00 0174.00 0191.00 0208.00 0225.00 0242.00 0259.00 0276.00 0293.00 0310.00 0327.00 0344.00 0361.00 0378.00 0395.00 0412.00 0429.00 0446.00 0463.00 0480.00 0497.00 0514.00 0531.00 0548.00 0565.00 0582.00 0599.00 0616.00 0633.00 0650.00 0667.00 0684.00 0701.00 0718.00 0735.00 0752.00 0769.00 0786.00 0803.00 0820.00 
0498.00 0479.00 0460.00 0441.00 0422.00 0403.00 0384.00 0365.00 0346.00 0327.00 0308.00 0289.00 0270.00 0251.00 0232.00 0213.00 0194.00 0175.00 0156.00 0137.00 0118.00 0099.00 0081.00 0063.00 0046.00 0034.00 0026.00 0018.00 0012.00 0015.00 0026.00 0037.00 0048.00 0059.00 0071.00 0087.00 0103.00 0119.00 0135.00 0151.00 0167.00 0184.00 0201.00 0218.00 0235.00 0252.00 0269.00 0286.00 0303.00 0320.00 0337.00 0354.00 0371.00 0388.00 0405.00 0422.00 0439.00 0456.00 0473.00 0490.00 0507.00 0524.00 0541.00 0558.00 0575.00 0592.00 0609.00 0626.00 0643.00 0660.00 0677.00 0694.00 0711.00 0728.00 0745.00 0762.00 0779.00 0796.00 0813.00 0830.00 
0488.00 0469.00 0450.00 0431.00 0412.00 0393.00 0374.00 0355.00 0336.00 0317.00 0298.00 0279.00 0260.00 0241.00 0222.00 0203.00 0184.00 0165.00 0146.00 0127.00 0108.00 0089.00 0071.00 0053.00 0040.00 0030.00 0022.00 0014.00 0014.00 0023.00 0034.00 0045.00 0056.00 0067.00 0081.00 0097.00 0113.00 0129.00 0145.00 0161.00 0177.00 0194.00 0211.00 0228.00 0245.00 0262.00 0279.00 0296.00 0313.00 0330.00 0347.00 0364.00 0381.00 0398.00 0415.00 0432.00 0449.00 0466.00 0483.00 0500.00 0517.00 0534.00 0551.00 0568.00 0585.00 0602.00 0619.00 0636.00 0653.00 0670.00 0687.00 0704.00 0721.00 0738.00 0755.00 0772.00 0789.00 0806.00 0823.00 0840.00 
0478.00 0459.00 0440.00 0421.00 0402.00 0383.00 0364.00 0345.00 0326.00 0307.00 0288.00 0269.00 0250.00 0231.00 0212.00 0193.00 0174.00 0155.00 0136.00 0117.00 0098.00 0079.00 0061.00 0046.00 0034.00 0026.00 0018.00 0013.00 0020.00 0031.00 0042.00 0053.00 0064.00 0075.00 0091.00 0107.00 0123.00 0139.00 0155.00 0171.00 0187.00 0204.00 0221.00 0238.00 0255.00 0272.00 0289.00 0306.00 0323.00 0340.00 0357.00 0374.00 0391.00 0408.00 0425.00 0442.00 0459.00 0476.00 0493.00 0510.00 0527.00 0544.00 0561.00 0578.00 0595.00 0612.00 0629.00 0646.00 0663.00 0680.00 0697.00 0714.00 0731.00 0748.00 0765.00 0782.00 0799.00 0816.00 0833.00 0850.00 
0468.00 0449.00 0430.00 0411.00 0392.00 0373.00 0354.00 0335.00 0316.00 0297.00 0278.00 0259.00 0240.00 0221.00 0202.00 0183.00 0164.00 0145.00 0126.00 0107.00 0088.00 0069.00 0052.00 0040.00 0030.00 0022.00 0014.00 0018.00 0028.00 0039.00 0050.00 0061.00 0072.00 0085.00 0101.00 0117.00 0133.00 0149.00 0165.00 0181.00 0197.00 0214.00 0231.00 0248.00 0265.00 0282.00 0299.00 0316.00 0333.00 0350.00 0367.00 0384.00 0401.00 0418.00 0435.00 0452.00 0469.00 0486.00 0503.00 0520.00 0537.00 0554.00 0571.00 0588.00 0605.00 0622.00 0639.00 0656.00 0673.00 0690.00 0707.00 0724.00 0741.00 0758.00 0775.00 0792.00 0809.00 0826.00 0843.00 0860.00 

1298 1279 1260 1241 1222 1203 1184 1165 1146 1127 1108 1089 1070 1051 1032 1013 994 975 956 937 918 899 881 863 845 827 809 791 773 755 737 719 701 683 665 647 629 611 593 575 557 540 523 506 489 472 455 438 421 404 387 370 353 336 319 302 285 268 251 234 217 200 183 166 153 144 136 128 120 112 104 96 94 93 92 96 106 116 126 136 
1287 1268 1249 1230 1211 1192 1173 1154 1135 1116 1097 1078 1059 1040 1021 1002 983 964 945 926 907 888 870 852 834 816 798 780 762 744 726 708 690 672 654 636 618 600 582 564 546 529 512 495 478 461 444 427 410 393 376 359 342 325 308 291 274 257 240 223 206 189 172 157 145 137 129 121 113 105 97 92 91 90 90 100 110 120 130 142 
1276 1257 1238 1219 1200 1181 1162 1143 1124 1105 1086 1067 1048 1029 1010 991 972 953 934 915 896 877 859 841 823 805 787 769 751 733 715 697 679 661 643 625 607 589 571 553 535 518 501 484 467 450 433 416 399 382 365 348 331 314 297 280 263 246 229 212 195 178 161 148 138 130 122 114 106 98 90 89 88 87 94 104 114 124 135 148 
1265 1246 1227 1208 1189 1170 1151 1132 1113 1094 1075 1056 1037 1018 999 980 961 942 923 904 885 866 848 830 812 794 776 758 740 722 704 686 668 650 632 614 596 578 560 542 524 507 490 473 456 439 422 405 388 371 354 337 320 303 286 269 252 235 218 201 184 167 152 139 131 123 115 107 99 91 87 86 85 88 98 108 118 128 141 154 
1254 1235 1216 1197 1178 1159 1140 1121 1102 1083 1064 1045 1026 1007 988 969 950 931 912 893 874 855 837 819 801 783 765 747 729 711 693 675 657 639 621 603 585 567 549 531 513 496 479 462 445 428 411 394 377 360 343 326 309 292 275 258 241 224 207 190 173 156 143 132 124 116 108 100 92 85 84 83 83 92 102 112 122 134 147 160 
1243 1224 1205 1186 1167 1148 1129 1110 1091 1072 1053 1034 1015 996 977 958 939 920 901 882 863 844 826 808 790 772 754 736 718 700 682 664 646 628 610 592 574 556 538 520 502 485 468 451 434 417 400 383 366 349 332 315 298 281 264 247 230 213 196 179 162 147 134 125 117 109 101 93 85 82 81 80 86 96 106 116 127 140 153 166 
1232 1213 1194 1175 1156 1137 1118 1099 1080 1061 1042 1023 1004 985 966 947 928 909 890 871 852 833 815 797 779 761 743 725 707 689 671 653 635 617 599 581 563 545 527 509 491 474 457 440 423 406 389 372 355 338 321 304 287 270 253 236 219 202 185 168 151 138 126 118 110 102 94 86 80 79 78 80 90 100 110 120 133 146 159 172 
1221 1202 1183 1164 1145 1126 1107 1088 1069 1050 1031 1012 993 974 955 936 917 898 879 860 841 822 804 786 768 750 732 714 696 678 660 642 624 606 588 570 552 534 516 498 480 463 446 429 412 395 378 361 344 327 310 293 276 259 242 225 208 191 174 157 142 129 119 111 103 95 87 79 77 76 76 84 94 104 114 126 139 152 165 178 
1210 1191 1172 1153 1134 1115 1096 1077 1058 1039 1020 1001 982 963 944 925 906 887 868 849 830 811 793 775 757 739 721 703 685 667 649 631 613 595 577 559 541 523 505 487 469 452 435 418 401 384 367 350 333 316 299 282 265 248 231 214 197 180 163 146 133 120 112 104 96 88 80 75 74 73 78 88 98 108 119 132 145 158 171 184 
1199 1180 1161 1142 1123 1104 1085 1066 1047 1028 1009 990 971 952 933 914 895 876 857 838 819 800 782 764 746 728 710 692 674 656 638 620 602 584 566 548 530 512 494 476 458 441 424 407 390 373 356 339 322 305 288 271 254 237 220 203 186 169 152 137 124 113 105 97 89 81 73 72 71 73 82 92 102 112 125 138 151 164 177 191 
1188 1169 1150 1131 1112 1093 1074 1055 1036 1017 998 979 960 941 922 903 884 865 846 827 808 789 771 753 735 717 699 681 663 645 627 609 591 573 555 537 519 501 483 465 447 430 413 396 379 362 345 328 311 294 277 260 243 226 209 192 175 158 141 128 115 106 98 90 82 74 70 69 69 76 86 96 106 118 131 144 157 170 183 200 
1177 1158 1139 1120 1101 1082 1063 1044 1025 1006 987 968 949 930 911 892 873 854 835 816 797 778 760 742 724 706 688 670 652 634 616 598 580 562 544 526 508 490 472 454 436 419 402 385 368 351 334 317 300 283 266 249 232 215 198 181 164 147 132 119 107 99 91 83 75 68 67 66 70 80 90 100 111 124 137 150 163 176 192 209 
1166 1147 1128 1109 1090 1071 1052 1033 1014 995 976 957 938 919 900 881 862 843 824 805 786 767 749 731 713 695 677 659 641 623 605 587 569 551 533 515 497 479 461 443 425 408 391 374 357 340 323 306 289 272 255 238 221 204 187 170 153 136 123 110 100 92 84 76 68 65 64 66 74 84 94 104 117 130 143 156 169 184 201 218 
1155 1136 1117 1098 1079 1060 1041 1022 1003 984 965 946 927 908 889 870 851 832 813 794 775 756 738 720 702 684 666 648 630 612 594 576 558 540 522 504 486 468 450 432 414 397 380 363 346 329 312 295 278 261 244 227 210 193 176 159 142 127 114 101 93 85 77 69 63 62 62 68 78 88 98 110 123 136 149 162 176 193 210 227 
1144 1125 1106 1087 1068 1049 1030 1011 992 973 954 935 916 897 878 859 840 821 802 783 764 745 727 709 691 673 655 637 619 601 583 565 547 529 511 493 475 457 439 421 403 386 369 352 335 318 301 284 267 250 233 216 199 182 165 148 131 118 105 94 86 78 70 62 60 59 63 72 82 92 103 116 129 142 155 168 185 202 219 236 
1133 1114 1095 1076 1057 1038 1019 1000 981 962 943 924 905 886 867 848 829 810 791 772 753 734 716 698 680 662 644 626 608 590 572 554 536 518 500 482 464 446 428 410 392 375 358 341 324 307 290 273 256 239 222 205 188 171 154 137 122 109 96 87 79 71 63 58 57 59 66 76 86 96 109 122 135 148 161 177 194 211 228 245 
1122 1103 1084 1065 1046 1027 1008 989 970 951 932 913 894 875 856 837 818 799 780 761 742 723 705 687 669 651 633 615 597 579 561 543 525 507 489 471 453 435 417 399 381 364 347 330 313 296 279 262 245 228 211 194 177 160 143 126 113 100 88 80 72 64 56 55 55 60 70 80 90 102 115 128 141 154 169 186 203 220 237 254 
1111 1092 1073 1054 1035 1016 997 978 959 940 921 902 883 864 845 826 807 788 769 750 731 712 694 676 658 640 622 604 586 568 550 532 514 496 478 460 442 424 406 388 370 353 336 319 302 285 268 251 234 217 200 183 166 149 132 117 104 91 81 73 65 57 53 52 56 64 74 84 95 108 121 134 147 161 178 195 212 229 246 263 
1100 1081 1062 1043 1024 1005 986 967 948 929 910 891 872 853 834 815 796 777 758 739 720 701 683 665 647 629 611 593 575 557 539 521 503 485 467 449 431 413 395 377 359 342 325 308 291 274 257 240 223 206 189 172 155 138 121 108 95 82 74 66 58 51 50 52 58 68 78 88 101 114 127 140 153 170 187 204 221 238 255 272 
1089 1070 1051 1032 1013 994 975 956 937 918 899 880 861 842 823 804 785 766 747 728 709 690 672 654 636 618 600 582 564 546 528 510 492 474 456 438 420 402 384 366 348 331 314 297 280 263 246 229 212 195 178 161 144 127 112 99 86 75 67 59 51 48 48 53 62 72 82 94 107 120 133 146 162 179 196 213 230 247 264 281 
1078 1059 1040 1021 1002 983 964 945 926 907 888 869 850 831 812 793 774 755 736 717 698 679 661 643 625 607 589 571 553 535 517 499 481 463 445 427 409 391 373 355 337 320 303 286 269 252 235 218 201 184 167 150 133 116 103 90 77 68 60 52 46 45 49 56 66 76 87 100 113 126 139 154 171 188 205 222 239 256 273 290 
1067 1048 1029 1010 991 972 953 934 915 896 877 858 839 820 801 782 763 744 725 706 687 668 650 632 614 596 578 560 542 524 506 488 470 452 434 416 398 380 362 344 326 309 292 275 258 241 224 207 190 173 156 139 122 107 94 81 69 61 53 45 43 45 50 60 70 80 93 106 119 132 146 163 180 197 214 231 248 265 282 299 
1056 1037 1018 999 980 961 942 923 904 885 866 847 828 809 790 771 752 733 714 695 676 657 639 621 603 585 567 549 531 513 495 477 459 441 423 405 387 369 351 333 315 298 281 264 247 230 213 196 179 162 145 128 111 98 85 72 62 54 46 41 41 46 54 64 74 86 99 112 125 138 155 172 189 206 223 240 257 274 291 308 
1045 1026 1007 988 969 950 931 912 893 874 855 836 817 798 779 760 741 722 703 684 665 646 628 610 592 574 556 538 520 502 484 466 448 430 412 394 376 358 340 322 304 287 270 253 236 219 202 185 168 151 134 117 102 89 76 63 55 47 39 38 42 48 58 68 79 92 105 118 131 147 164 181 198 215 232 249 266 283 300 317 
1034 1015 996 977 958 939 920 901 882 863 844 825 806 787 768 749 730 711 692 673 654 635 617 599 581 563 545 527 509 491 473 455 437 419 401 383 365 347 329 311 293 276 259 242 225 208 191 174 157 140 123 106 93 80 67 56 48 40 36 38 43 52 62 72 85 98 111 124 139 156 173 190 207 224 241 258 275 292 309 326 
1023 1004 985 966 947 928 909 890 871 852 833 814 795 776 757 738 719 700 681 662 643 624 606 588 570 552 534 516 498 480 462 444 426 408 390 372 354 336 318 300 282 265 248 231 214 197 180 163 146 129 112 97 84 71 58 49 41 34 34 39 46 56 66 78 91 104 117 131 148 165 182 199 216 233 250 267 284 301 318 335 
1012 993 974 955 936 917 898 879 860 841 822 803 784 765 746 727 708 689 670 651 632 613 595 577 559 541 523 505 487 469 451 433 415 397 379 361 343 325 307 289 271 254 237 220 203 186 169 152 135 118 101 88 75 62 50 42 34 31 35 40 50 60 71 84 97 110 123 140 157 174 191 208 225 242 259 276 293 310 327 344 
1001 982 963 944 925 906 887 868 849 830 811 792 773 754 735 716 697 678 659 640 621 602 584 566 548 530 512 494 476 458 440 422 404 386 368 350 332 314 296 278 260 243 226 209 192 175 158 141 124 107 92 79 66 53 43 35 29 31 36 44 54 64 77 90 103 116 132 149 166 183 200 217 234 251 268 285 302 319 336 353 
990 971 952 933 914 895 876 857 838 819 800 781 762 743 724 705 686 667 648 629 610 591 573 555 537 519 501 483 465 447 429 411 393 375 357 339 321 303 285 267 249 232 215 198 181 164 147 130 113 96 83 70 57 44 36 28 27 32 38 48 58 70 83 96 109 124 141 158 175 192 209 226 243 260 277 294 311 328 345 362 
979 960 941 922 903 884 865 846 827 808 789 770 751 732 713 694 675 656 637 618 599 580 562 544 526 508 490 472 454 436 418 400 382 364 346 328 310 292 274 256 238 221 204 187 170 153 136 119 102 87 74 61 48 37 29 24 28 33 42 52 63 76 89 102 116 133 150 167 184 201 218 235 252 269 286 303 320 337 354 371 
968 949 930 911 892 873 854 835 816 797 778 759 740 721 702 683 664 645 626 607 588 569 551 533 515 497 479 461 443 425 407 389 371 353 335 317 299 281 263 245 227 210 193 176 159 142 125 108 91 78 65 52 39 30 22 24 29 36 46 56 69 82 95 108 125 142 159 176 193 210 227 244 261 278 295 312 329 346 363 380 
957 938 919 900 881 862 843 824 805 786 767 748 729 710 691 672 653 634 615 596 577 558 540 522 504 486 468 450 432 414 396 378 360 342 324 306 288 270 252 234 216 199 182 165 148 131 114 97 82 69 56 43 31 23 20 25 30 40 50 62 75 88 101 117 134 151 168 185 202 219 236 253 270 287 304 321 338 355 372 389 
946 927 908 889 870 851 832 813 794 775 756 737 718 699 680 661 642 623 604 585 566 547 529 511 493 475 457 439 421 403 385 367 349 331 313 295 277 259 241 223 205 188 171 154 137 120 103 86 73 60 47 34 24 17 21 26 34 44 55 68 81 94 109 126 143 160 177 194 211 228 245 262 279 296 313 330 347 364 381 398 
935 916 897 878 859 840 821 802 783 764 745 726 707 688 669 650 631 612 593 574 555 536 518 500 482 464 446 428 410 392 374 356 338 320 302 284 266 248 230 212 194 177 160 143 126 109 92 77 64 51 38 25 17 17 22 28 38 48 61 74 87 101 118 135 152 169 186 203 220 237 254 271 288 305 322 339 356 373 390 407 
924 905 886 867 848 829 810 791 772 753 734 715 696 677 658 639 620 601 582 563 544 525 507 489 471 453 435 417 399 381 363 345 327 309 291 273 255 237 219 201 183 166 149 132 115 98 81 68 55 42 29 18 13 18 23 32 42 54 67 80 93 110 127 144 161 178 195 212 229 246 263 280 297 314 331 348 365 382 399 416 
913 894 875 856 837 818 799 780 761 742 723 704 685 666 647 628 609 590 571 552 533 514 496 478 460 442 424 406 388 370 352 334 316 298 280 262 244 226 208 190 172 155 138 121 104 87 72 59 46 33 20 11 14 19 26 36 47 60 73 86 102 119 136 153 170 187 204 221 238 255 272 289 306 323 340 357 374 391 408 425 
902 883 864 845 826 807 788 769 750 731 712 693 674 655 636 617 598 579 560 541 522 503 485 467 449 431 413 395 377 359 341 323 305 287 269 251 233 215 197 179 161 144 127 110 93 76 63 50 37 24 12 10 15 20 30 40 53 66 79 94 111 128 145 162 179 196 213 230 247 264 281 298 315 332 349 366 383 400 417 434 
891 872 853 834 815 796 777 758 739 720 701 682 663 644 625 606 587 568 549 530 511 492 474 456 438 420 402 384 366 348 330 312 294 276 258 240 222 204 186 168 150 133 116 99 82 67 54 41 28 15 06 11 16 24 34 46 59 72 86 103 120 137 154 171 188 205 222 239 256 273 290 307 324 341 358 375 392 409 426 443 
880 861 842 823 804 785 766 747 728 709 690 671 652 633 614 595 576 557 538 519 500 481 463 445 427 409 391 373 355 337 319 301 283 265 247 229 211 193 175 157 139 122 105 88 71 58 45 32 19 06 07 12 18 28 39 52 65 78 95 112 129 146 163 180 197 214 231 248 265 282 299 316 333 350 367 384 401 418 435 452 
869 850 831 812 793 774 755 736 717 698 679 660 641 622 603 584 565 546 527 508 489 470 452 434 416 398 380 362 344 326 308 290 272 254 236 218 200 182 164 146 128 111 94 77 62 49 36 23 10 03 08 13 22 32 45 58 71 87 104 121 138 155 172 189 206 223 240 257 274 291 308 325 342 359 376 393 410 427 444 461 
858 839 820 801 782 763 744 725 706 687 668 649 630 611 592 573 554 535 516 497 478 459 441 423 405 387 369 351 333 315 297 279 261 243 225 207 189 171 153 135 117 100 83 66 53 40 27 14 02 04 09 16 26 38 51 64 79 96 113 130 147 164 181 198 215 232 249 266 283 300 317 334 351 368 385 402 419 436 453 470 
848 829 810 791 772 753 734 715 696 677 658 639 620 601 582 563 544 525 506 487 468 449 431 413 395 377 359 341 323 305 287 269 251 233 215 197 179 161 143 125 107 90 73 58 45 32 19 06 01 06 11 21 32 45 58 72 89 106 123 140 157 174 191 208 225 242 259 276 293 310 327 344 361 378 395 412 429 446 463 480 
838 819 800 781 762 743 724 705 686 667 648 629 610 591 572 553 534 515 496 477 458 439 421 403 385 367 349 331 313 295 277 259 241 223 205 187 169 151 133 115 97 80 63 50 37 24 11 01 03 08 16 26 39 52 65 82 99 116 133 150 167 184 201 218 235 252 269 286 303 320 337 354 371 388 405 422 439 456 473 490 
828 809 790 771 752 733 714 695 676 657 638 619 600 581 562 543 524 505 486 467 448 429 411 393 375 357 339 321 303 285 267 249 231 213 195 177 159 141 123 105 87 70 55 42 29 16 04 00 05 11 21 33 46 59 75 92 109 126 143 160 177 194 211 228 245 262 279 296 313 330 347 364 381 398 415 432 449 466 483 500 
818 799 780 761 742 723 704 685 666 647 628 609 590 571 552 533 514 495 476 457 438 419 401 383 365 347 329 311 293 275 257 239 221 203 185 167 149 131 113 95 77 60 47 34 21 08 00 02 07 16 27 40 53 68 85 102 119 136 153 170 187 204 221 238 255 272 289 306 323 340 357 374 391 408 425 442 459 476 493 510 
808 789 770 751 732 713 694 675 656 637 618 599 580 561 542 523 504 485 466 447 428 409 391 373 355 337 319 301 283 265 247 229 211 193 175 157 139 121 103 85 67 52 39 26 13 03 00 04 11 21 34 47 61 78 95 112 129 146 163 180 197 214 231 248 265 282 299 316 333 350 367 384 401 418 435 452 469 486 503 520 
798 779 760 741 722 703 684 665 646 627 608 589 570 551 532 513 494 475 456 437 418 399 381 363 345 327 309 291 273 255 237 219 201 183 165 147 129 111 93 75 57 44 31 18 06 00 01 06 16 28 41 54 71 88 105 122 139 156 173 190 207 224 241 258 275 292 309 326 343 360 377 394 411 428 445 462 479 496 513 530 
788 769 750 731 712 693 674 655 636 617 598 579 560 541 522 503 484 465 446 427 408 389 371 353 335 317 299 281 263 245 227 209 191 173 155 137 119 101 83 65 49 36 23 10 02 00 03 11 22 35 48 64 81 98 115 132 149 166 183 200 217 234 251 268 285 302 319 336 353 370 387 404 421 438 455 472 489 506 523 540 
778 759 740 721 702 683 664 645 626 607 588 569 550 531 512 493 474 455 436 417 398 379 361 343 325 307 289 271 253 235 217 199 181 163 145 127 109 91 73 55 41 28 15 05 00 00 06 16 29 42 57 74 91 108 125 142 159 176 193 210 227 244 261 278 295 312 329 346 363 380 397 414 431 448 465 482 499 516 533 550 
768 749 730 711 692 673 654 635 616 597 578 559 540 521 502 483 464 445 426 407 388 369 351 333 315 297 279 261 243 225 207 189 171 153 135 117 99 81 63 47 33 20 08 01 00 02 11 23 36 50 67 84 101 118 135 152 169 186 203 220 237 254 271 288 305 322 339 356 373 390 407 424 441 458 475 492 509 526 543 560 
758 739 720 701 682 663 644 625 606 587 568 549 530 511 492 473 454 435 416 397 378 359 341 323 305 287 269 251 233 215 197 179 161 143 125 107 89 71 53 39 25 12 04 00 00 06 17 30 43 60 77 94 111 128 145 162 179 196 213 230 247 264 281 298 315 332 349 366 383 400 417 434 451 468 485 502 519 536 553 570 
748 729 710 691 672 653 634 615 596 577 558 539 520 501 482 463 444 425 406 387 368 349 331 313 295 277 259 241 223 205 187 169 151 133 115 97 79 61 45 31 17 07 00 00 01 11 24 37 53 70 87 104 121 138 155 172 189 206 223 240 257 274 291 308 325 342 359 376 393 410 427 444 461 478 495 512 529 546 563 580 
738 719 700 681 662 643 624 605 586 567 548 529 510 491 472 453 434 415 396 377 358 339 321 303 285 267 249 231 213 195 177 159 141 123 105 87 69 51 37 23 10 03 00 00 06 18 31 46 63 80 97 114 131 148 165 182 199 216 233 250 267 284 301 318 335 352 369 386 403 420 437 454 471 488 505 522 539 556 573 590 
728 709 690 671 652 633 614 595 576 557 538 519 500 481 462 443 424 405 386 367 348 329 311 293 275 257 239 221 203 185 167 149 131 113 95 77 59 43 29 15 06 00 00 01 12 25 39 56 73 90 107 124 141 158 175 192 209 226 243 260 277 294 311 328 345 362 379 396 413 430 447 464 481 498 515 532 549 566 583 600 
718 699 680 661 642 623 604 585 566 547 528 509 490 471 452 433 414 395 376 357 338 319 301 283 265 247 229 211 193 175 157 139 121 103 85 67 49 35 21 10 02 00 00 06 19 32 49 66 83 100 117 134 151 168 185 202 219 236 253 270 287 304 321 338 355 372 389 406 423 440 457 474 491 508 525 542 559 576 593 610 
708 689 670 651 632 613 594 575 556 537 518 499 480 461 442 423 404 385 366 347 328 309 291 273 255 237 219 201 183 165 147 129 111 93 75 57 41 27 14 06 00 00 02 13 26 42 59 76 93 110 127 144 161 178 195 212 229 246 263 280 297 314 331 348 365 382 399 416 433 450 467 484 501 518 535 552 569 586 603 620 
698 679 660 641 622 603 584 565 546 527 508 489 470 451 432 413 394 375 356 337 318 299 281 263 245 227 209 191 173 155 137 119 101 83 65 47 33 19 10 02 00 00 07 20 35 52 69 86 103 120 137 154 171 188 205 222 239 256 273 290 307 324 341 358 375 392 409 426 443 460 477 494 511 528 545 562 579 596 613 630 
688 669 650 631 612 593 574 555 536 517 498 479 460 441 422 403 384 365 346 327 308 289 271 253 235 217 199 181 163 145 127 109 91 73 55 39 25 14 06 01 00 03 14 28 45 62 79 96 113 130 147 164 181 198 215 232 249 266 283 300 317 334 351 368 385 402 419 436 453 470 487 504 521 538 555 572 589 606 623 640 
678 659 640 621 602 583 564 545 526 507 488 469 450 431 412 393 374 355 336 317 298 279 261 243 225 207 189 171 153 135 117 99 81 63 45 31 18 10 02 01 01 08 21 38 55 72 89 106 123 140 157 174 191 208 225 242 259 276 293 310 327 344 361 378 395 412 429 446 463 480 497 514 531 548 565 582 599 616 633 650 
668 649 630 611 592 573 554 535 516 497 478 459 440 421 402 383 364 345 326 307 288 269 251 233 215 197 179 161 143 125 107 89 71 53 37 23 14 06 02 01 05 15 31 48 65 82 99 116 133 150 167 184 201 218 235 252 269 286 303 320 337 354 371 388 405 422 439 456 473 490 507 524 541 558 575 592 609 626 643 660 
658 639 620 601 582 563 544 525 506 487 468 449 430 411 392 373 354 335 316 297 278 259 241 223 205 187 169 151 133 115 97 79 61 43 29 18 10 03 02 03 10 24 41 58 75 92 109 126 143 160 177 194 211 228 245 262 279 296 313 330 347 364 381 398 415 432 449 466 483 500 517 534 551 568 585 602 619 636 653 670 
648 629 610 591 572 553 534 515 496 477 458 439 420 401 382 363 344 325 306 287 268 249 231 213 195 177 159 141 123 105 87 69 51 35 22 14 06 03 02 08 17 34 51 68 85 102 119 136 153 170 187 204 221 238 255 272 289 306 323 340 357 374 391 408 425 442 459 476 493 510 527 544 561 578 595 612 629 646 663 680 
638 619 600 581 562 543 524 505 486 467 448 429 410 391 372 353 334 315 296 277 258 239 221 203 185 167 149 131 113 95 77 59 41 27 18 10 04 03 06 13 27 44 61 78 95 112 129 146 163 180 197 214 231 248 265 282 299 316 333 350 367 384 401 418 435 452 469 486 503 520 537 554 571 588 605 622 639 656 673 690 
628 609 590 571 552 533 514 495 476 457 438 419 400 381 362 343 324 305 286 267 248 229 211 193 175 157 139 121 103 85 67 49 33 22 14 06 04 04 11 21 37 54 71 88 105 122 139 156 173 190 207 224 241 258 275 292 309 326 343 360 377 394 411 428 445 462 479 496 513 530 547 564 581 598 615 632 649 666 683 700 
618 599 580 561 542 523 504 485 466 447 428 409 390 371 352 333 314 295 276 257 238 219 201 183 165 147 129 111 93 75 57 39 26 18 10 05 04 09 18 31 47 64 81 98 115 132 149 166 183 200 217 234 251 268 285 302 319 336 353 370 387 404 421 438 455 472 489 506 523 540 557 574 591 608 625 642 659 676 693 710 
608 589 570 551 532 513 494 475 456 437 418 399 380 361 342 323 304 285 266 247 228 209 191 173 155 137 119 101 83 65 47 31 22 14 06 05 07 15 26 41 57 74 91 108 125 142 159 176 193 210 227 244 261 278 295 312 329 346 363 380 397 414 431 448 465 482 499 516 533 550 567 584 601 618 635 652 669 686 703 720 
598 579 560 541 522 503 484 465 446 427 408 389 370 351 332 313 294 275 256 237 218 199 181 163 145 127 109 91 73 55 37 26 18 10 06 05 12 23 35 51 67 84 101 118 135 152 169 186 203 220 237 254 271 288 305 322 339 356 373 390 407 424 441 458 475 492 509 526 543 560 577 594 611 628 645 662 679 696 713 730 
588 569 550 531 512 493 474 455 436 417 398 379 360 341 322 303 284 265 246 227 208 189 171 153 135 117 99 81 63 45 30 22 14 07 06 10 20 31 45 61 77 94 111 128 145 162 179 196 213 230 247 264 281 298 315 332 349 366 383 400 417 434 451 468 485 502 519 536 553 570 587 604 621 638 655 672 689 706 723 740 
578 559 540 521 502 483 464 445 426 407 388 369 350 331 312 293 274 255 236 217 198 179 161 143 125 107 89 71 53 35 26 18 10 07 08 17 28 39 55 71 87 104 121 138 155 172 189 206 223 240 257 274 291 308 325 342 359 376 393 410 427 444 461 478 495 512 529 546 563 580 597 614 631 648 665 682 699 716 733 750 
568 549 530 511 492 473 454 435 416 397 378 359 340 321 302 283 264 245 226 207 188 169 151 133 115 97 79 61 43 30 22 14 08 07 14 25 36 49 65 81 97 114 131 148 165 182 199 216 233 250 267 284 301 318 335 352 369 386 403 420 437 454 471 488 505 522 539 556 573 590 607 624 641 658 675 692 709 726 743 760 
558 539 520 501 482 463 444 425 406 387 368 349 330 311 292 273 254 235 216 197 178 159 141 123 105 87 69 51 34 26 18 10 08 11 22 33 44 59 75 91 107 124 141 158 175 192 209 226 243 260 277 294 311 328 345 362 379 396 413 430 447 464 481 498 515 532 549 566 583 600 617 634 651 668 685 702 719 736 753 770 
548 529 510 491 472 453 434 415 396 377 358 339 320 301 282 263 244 225 206 187 168 149 131 113 95 77 59 41 30 22 14 09 09 19 30 41 53 69 85 101 117 134 151 168 185 202 219 236 253 270 287 304 321 338 355 372 389 406 423 440 457 474 491 508 525 542 559 576 593 610 627 644 661 678 695 712 729 746 763 780 
538 519 500 481 462 443 424 405 386 367 348 329 310 291 272 253 234 215 196 177 158 139 121 103 85 67 49 34 26 18 10 09 16 27 38 49 63 79 95 111 127 144 161 178 195 212 229 246 263 280 297 314 331 348 365 382 399 416 433 450 467 484 501 518 535 552 569 586 603 620 637 654 671 688 705 722 739 756 773 790 
528 509 490 471 452 433 414 395 376 357 338 319 300 281 262 243 224 205 186 167 148 129 111 93 75 57 40 30 22 14 10 13 24 35 46 57 73 89 105 121 137 154 171 188 205 222 239 256 273 290 307 324 341 358 375 392 409 426 443 460 477 494 511 528 545 562 579 596 613 630 647 664 681 698 715 732 749 766 783 800 
518 499 480 461 442 423 404 385 366 347 328 309 290 271 252 233 214 195 176 157 138 119 101 83 65 47 34 26 18 11 11 21 32 43 54 67 83 99 115 131 147 164 181 198 215 232 249 266 283 300 317 334 351 368 385 402 419 436 453 470 487 504 521 538 555 572 589 606 623 640 657 674 691 708 725 742 759 776 793 810 
508 489 470 451 432 413 394 375 356 337 318 299 280 261 242 223 204 185 166 147 128 109 91 73 55 40 30 22 14 11 18 29 40 51 62 77 93 109 125 141 157 174 191 208 225 242 259 276 293 310 327 344 361 378 395 412 429 446 463 480 497 514 531 548 565 582 599 616 633 650 667 684 701 718 735 752 769 786 803 820 
498 479 460 441 422 403 384 365 346 327 308 289 270 251 232 213 194 175 156 137 118 99 81 63 46 34 26 18 12 15 26 37 48 59 71 87 103 119 135 151 167 184 201 218 235 252 269 286 303 320 337 354 371 388 405 422 439 456 473 490 507 524 541 558 575 592 609 626 643 660 677 694 711 728 745 762 779 796 813 830 
488 469 450 431 412 393 374 355 336 317 298 279 260 241 222 203 184 165 146 127 108 89 71 53 40 30 22 14 14 23 34 45 56 67 81 97 113 129 145 161 177 194 211 228 245 262 279 296 313 330 347 364 381 398 415 432 449 466 483 500 517 534 551 568 585 602 619 636 653 670 687 704 721 738 755 772 789 806 823 840 
478 459 440 421 402 383 364 345 326 307 288 269 250 231 212 193 174 155 136 117 98 79 61 46 34 26 18 13 20 31 42 53 64 75 91 107 123 139 155 171 187 204 221 238 255 272 289 306 323 340 357 374 391 408 425 442 459 476 493 510 527 544 561 578 595 612 629 646 663 680 697 714 731 748 765 782 799 816 833 850 
468 449 430 411 392 373 354 335 316 297 278 259 240 221 202 183 164 145 126 107 88 69 52 40 30 22 14 18 28 39 50 61 72 85 101 117 133 149 165 181 197 214 231 248 265 282 299 316 333 350 367 384 401 418 435 452 469 486 503 520 537 554 571 588 605 622 639 656 673 690 707 724 741 758 775 792 809 826 843 860 